as written,notable artist,times,spelling match,action,recordings,example
Jennifer Bartelette,Jennifer Bartlett,5,0.89,check,interview-019,"Jennifer Bartelette she, She & She, And there's. Kalimba Sharif, Still a soulfu"
Fritz Feiss,Fritz Faiss,4,0.8,check,salon-019 | salon-056 | salon-090,thridge. And I was a good fortune while there to study with Fritz Feiss and Hans Burkhardt. Fritz Feiss studied at the Bauhaus with
Wolfgang Stahler,Wolfgang Staehle,2,0.86,fixed automatically,salon-008 | salon-028, them that was just for that was started by an artist named Wolfgang Stahler. I think that's how you pronounce it. But I see them as sor
David Smalley,David Salle,2,0.83,check,salon-021 | salon-091,"are of the idea of color cycling. And so I did a video with David Smalley, who was a colleague of mine at Connecticut University, and"
Eric Fischel,Eric Fischl,1,0.92,check,salon-052," bit. I'm going to be doing some stuff with the church with Eric Fischel in a bit.  But love you guys. And seriously, Colin, I love "
David Salley,David Salle,1,0.91,check,salon-071,"loping a new visual language. And I thought, wow, you know, David Salley is telling me this. This is pretty cool, you know. And Tech"
Donna Haraways,Donna Haraway,1,0.93,fixed automatically,salon-077,"ch we are living in. A lot of that was adapted from reading Donna Haraways work. And here, finally, in 20 first century I've been able"
Kevin O'Connor,Kevin Connor,1,0.86,check,interview-021,"n image from 2006 figure in the void matrix friend of mine, Kevin O'Connor.  So most of these images are people that I know, our frien"
Mary Heilman,Mary Heilmann,1,0.93,check,interview-029,"e, some of these… like, this one, I actually painted a fake Mary Heilman painting underneath of it."
