artist,link type,link no longer shown,why,link shown now
Adariiine,instagram,https://instagram.com/adariiine,the index link is broken/parked: https://instagram.com/adariiine,
Adrian Cain,website,https://draincain.com/,the index link is broken/parked: https://draincain.com/,
Aman Rasouli,website,https://amanrasouli.art/works,the index link is broken/parked: https://amanrasouli.art/works,
Amir Karimi,nft,https://foundation.app/@amirkarimi/,the index lists no nft,
Andrew Ballard,instagram,https://instagram.com/wordsbyandrew/,the index link is broken/parked: https://instagram.com/wordsbyandrew/,
Andy Wauman,website,http://andywauman.xyz/,the index link is broken/parked: http://andywauman.xyz/,
Andy Young,website,https://StrangeCarrots.com,the index link is broken/parked: https://StrangeCarrots.com,
Anne Morgan Spalter,website,https://annespalter.com/,artist is not in the artist index,https://superrare.co/aspalter7
Arian Qalandaran,website,http://arianqalandaran.com/,the index link is broken/parked: http://arianqalandaran.com/,
Aurora Innconnu,website,https://www.aurorartstudio.com,the index link is broken/parked: https://www.aurorartstudio.com,
Barbara Kahn,website,https://www.barbarakahn.art,the index link is broken/parked: https://www.barbarakahn.art,
Benjamin Tritt,website,https://bentritt.com/,the index link is broken/parked: https://bentritt.com/,
Beth Giacummo,website,https://www.bethgiacummo.com/,the index link is broken/parked: https://www.bethgiacummo.com/,
Bink Walstra,website,https://bonkstraa.com,the index link is broken/parked: https://bonkstraa.com,
Brandon S Gellis,instagram,https://instagram.com/brandongellis/,the index lists no instagram,
Brian St Cyr,website,https://www.brianstcyr.com,the index link is broken/parked: https://www.brianstcyr.com,
Carrie MaKenna,website,https://www.anamcarastudiogallery.com/,the index link is broken/parked: https://www.anamcarastudiogallery.com/,
Cassiopeus,website,https://www.cassiopeus.com,the index link is broken/parked: https://www.cassiopeus.com,
Colin Goldberg,nft,https://foundation.app/goldberg/,the index lists no nft,
Colin Goldberg,twitter,https://twitter.com/goldbergfineart,the index lists no twitter,
Colman Jones,website,https://www.colman.net,the index link is broken/parked: https://www.colman.net,
Cristina Inciarte,website,http://www.cristinainciarte.com/ | https://judith-jacobs.com/,artist is not in the artist index,
Cristina Inciarte,instagram,https://www.instagram.com/cristina_inciarte | https://www.instagram.com/judithjacobs_pics,artist is not in the artist index,
David Bloom,website,https://townsendstreetgallery.com/david-bloom,the index link is broken/parked: https://townsendstreetgallery.com/david-bloom,
Deann Stein Hasinoff,website,http://www.deannsteinhasinoff.com/,artist is not in the artist index,
Deann Stein Hasinoff,instagram,https://instagram.com/deann_stein_hasinoff_art,artist is not in the artist index,
Ellie Nikoo,website,http://enikoo.com/all-works/creative-coding/,the index link is broken/parked: http://enikoo.com/all-works/creative-coding/,
Ernest Bisaev,website,https://www.artstudio-ernest.de/,the index link is broken/parked: https://www.artstudio-ernest.de/,
Francis Mariano,website,https://phrancism.com/,the index link is broken/parked: https://phrancism.com/,
Gary Hopkins,website,http://gxhpainter.com/,the index link is broken/parked: http://gxhpainter.com/,
Giovanna Sun,website,https://linktr.ee/dubwoman,the index link is broken/parked: https://linktr.ee/dubwoman,
Iikkamatti Hauru,website,https://www.iikkamattihauru.com/,the index link is broken/parked: https://www.iikkamattihauru.com/,
J. F. Bautista,website,https://www.artbybautista.com,the index link is broken/parked: https://www.artbybautista.com,
Joanna Steidle,nft,https://foundation.app/@jsteidle,the index lists no nft,
Juan Álvarez / Wamoo,website,https://thisiswamoo.com/,artist is not in the artist index,
Juan Álvarez / Wamoo,instagram,https://www.instagram.com/thisiswamoo/,artist is not in the artist index,
Julie McIver,website,https://juliemciver.myportfolio.com/,the index link is broken/parked: https://juliemciver.myportfolio.com/,
Kat Evans,website,https://www.katevans.art,the index link is broken/parked: https://www.katevans.art,
Ken Heidenreich,website,https://artistken.wixsite.com/artistken,the index link is broken/parked: https://artistken.wixsite.com/artistken,
Keri Haskell,website,https://www.emergingartistplatform.com/kerihaskell,the index link is broken/parked: https://www.emergingartistplatform.com/kerihaskell,
Kero,nft,https://foundation.app/@kero,the index lists no nft,
Kerry Mitchell,website,https://kerrycmitchell.com,the index link is broken/parked: https://kerrycmitchell.com,
Lucie Králíková,website,https://lucikkralikova.wixsite.com/portfolio,the index link is broken/parked: https://lucikkralikova.wixsite.com/portfolio,
Mahnaz Rasouli,nft,https://foundation.app/mahnaz,the index lists no nft,
Margaret Dolinsky,website,https://soaad.indiana.edu/faculty/directory/dolinsky-margaret.html,the index link is broken/parked: https://soaad.indiana.edu/faculty/directory/dolinsky-margaret.html,
Marjan Andaroodi,website,http://www.marjanandaroodi.com/,the index link is broken/parked: http://www.marjanandaroodi.com/,
Marjan Andaroodi,instagram,https://www.instagram.com/marjanandaroudi/,the index link is broken/parked: https://www.instagram.com/marjanandaroudi/,
Mark Pechlivanos,website,http://markospechlivanos.com/,artist is not in the artist index,
Mark Pechlivanos,instagram,https://www.instagram.com/colororangeart/,artist is not in the artist index,
Mary-Ellen Latino,website,http://www.highinfiberart.com,the index link is broken/parked: http://www.highinfiberart.com,
Matej Vakula,website,http://vakula.eu/home-en.html,the index link is broken/parked: http://vakula.eu/home-en.html,
Mich Palmer,website,https://www.michphoto.com,the index link is broken/parked: https://www.michphoto.com,
Michael Pierre Price,instagram,https://www.instagram.com/mpp_digital_art/ | https://www.instagram.com/999prince_magnolia999/,the index lists no instagram,
Momo,website,https://www.nyseikatsu.com/entertainment/03/2023/37851/,artist is not in the artist index,
Momo,instagram,https://www.instagram.com/momo_x_art/,artist is not in the artist index,
Monoglyph,website,https://oneglyph.com,the index link is broken/parked: https://oneglyph.com,
Natalia Recalde,website,https://nataliarecalde.com/,the index lists no website,
Negin Ehtesabian,website,https://www.neginete.com,the index link is broken/parked: https://www.neginete.com,
Osiris Munir,website,http://www.expressinabstract.net/,the index link is broken/parked: http://www.expressinabstract.net/,
Paul D. Miller aka DJ Spooky that Subliminal Kid,website,http://djspooky.com/,artist is not in the artist index,
Paul D. Miller aka DJ Spooky that Subliminal Kid,instagram,https://www.instagram.com/djspooky_official/,artist is not in the artist index,
Paul D. Miller aka DJ Spooky that Subliminal Kid,twitter,https://twitter.com/djspooky,artist is not in the artist index,
Pierre-Hugues Hétu,website,https://puguess.com,the index link is broken/parked: https://puguess.com,
Qinza Najm,website,http://qinzanajm.com/index.html,the index link is broken/parked: http://qinzanajm.com/index.html,
Rebecca Tombaugh,website,https://www.rebeccatombaugh.com/,the index link is broken/parked: https://www.rebeccatombaugh.com/,
Roman Verostko,website,http://verostko.com/,the index link is broken/parked: http://verostko.com/,
Ryan Henderson,website,https://www.audio-optio.com/,the index link is broken/parked: https://www.audio-optio.com/,
ST Rivera,website,http://www.shamikalovesink.com/versions-of-the-same-song | https://www.night-shining.com/,the index link is broken/parked: http://www.shamikalovesink.com/versions-of-the-same-song,
SUDO,twitter,https://twitter.com/sudorootla,the index lists no twitter,
Sahar Moussavi,twitter,https://twitter.com/sa_hirmo,the index lists no twitter,
Sandra Pipken,website,https://www.sandrapipkenphotography.com,the index link is broken/parked: https://www.sandrapipkenphotography.com,
ScoJo,website,https://www.artscojo.com/,the index link is broken/parked: https://www.artscojo.com/,
ScoJo,nft,https://foundation.app/@artscojo,the index lists no nft,
Scott Oppenheim,nft,https://foundation.app/@Dg8tal,the index lists no nft,
Scott Oppenheim,twitter,https://twitter.com/dg8tal,the index link is broken/parked: https://twitter.com/dg8tal,
Sherry Karver,website,https://sherrykarver.com/,the index lists no website,
Sherry Karver,instagram,https://www.instagram.com/sherrykarver/,the index lists no instagram,
Steve Miller,website,http://tommymintz.com,the index lists no website,https://stevemiller.com
Steve Miller,instagram,https://instagram.com/tommymintznyc/,the index lists no instagram,https://www.instagram.com/stevemillerdotcom/
Subcisco,website,https://Subcisco.com,the index link is broken/parked: https://Subcisco.com,
Tassneen Bashir,instagram,https://instagram.com/tee.n.bee,the index link is broken/parked: https://instagram.com/tee.n.bee,
Vytas Gaizutis,nft,https://foundation.app/gaizutis,the index lists no nft,
"W.V. Rogers ""Stellarfire""",instagram,https://www.instagram.com/bill.stellarfire//,the index link is broken/parked: https://www.instagram.com/bill.stellarfire//,
X New Worlds,website,https://xnewworlds.xyz/,the index link is broken/parked: https://xnewworlds.xyz/,
Yannet Vilela,website,https://www.fxhash.xyz/u/joey%20zaza | http://andywauman.xyz/,artist is not in the artist index,
Yannet Vilela,instagram,https://www.instagram.com/andywauman/,artist is not in the artist index,https://instagram.com/n3t4_/
Yannet Vilela,nft,https://objkt.com/@joeyzaza,artist is not in the artist index,
Yeohyun Ahn,website,http://www.yeohyunahn.com/,the index link is broken/parked: http://www.yeohyunahn.com/,
Zouhair El Helou AKA fractalogist,website,https://www.elhelouzouhair.co/,the index link is broken/parked: https://www.elhelouzouhair.co/,
cari ann shim sham,website,https://www.cariannshimsham.com/,artist is not in the artist index,https://warpcast.com/cariannshimsham
iKatch,website,https://www.ikatch.net/,the index link is broken/parked: https://www.ikatch.net/,
nessi alexander-barnes,website,http://apocryphabulous.com/,the index link is broken/parked: http://apocryphabulous.com/,
nessi alexander-barnes,instagram,https://www.instagram.com/apocryphabulous/,the index link is broken/parked: https://www.instagram.com/apocryphabulous/,
werpi279,website,https://pierstefanobellani.com/,the index link is broken/parked: https://pierstefanobellani.com/,
Andy Thomas,website,https://www.andythomas.com.au/,a second link of this type,https://www.andythomas.com.au
Ann Shapiro,website,https://www.cariannshimsham.com/,a second link of this type,https://www.annrshapiro.com/
Cynthia Beth Rubin,website,https://cbrubin.net/,a second link of this type,https://www.cbrubin.com/
David Guerrero,website,https://davidguerrero.art/,a second link of this type,
Erin Ko,website,https://linktr.ee/ErinKo,a second link of this type,https://www.erinkostudios.com/
Hayede Jamshidi,instagram,https://www.instagram.com/haydi.graph/,a second link of this type,https://www.instagram.com/haydiii.iii/
Jacque Rosenau,website,https://JRosenauStudio.com,a second link of this type,https://www.jacquerosenau.com
Joey Zaza,website,https://warpcast.com/joeyzaza | https://www.fxhash.xyz/u/joey%20zaza,a second link of this type,http://www.digitalzaza.com
LoVid,website,https://postmastersblockchain.com/artists/lovid/,a second link of this type,http://lovid.org/
Lucy Boyd-Wilson,website,https://www.lucyboydwilson.com/,a second link of this type,https://www.lucyboydwilson.com
Malavika Mandal Andrew,website,https://www.guillermoarismendi.com/,a second link of this type,https://www.malavikamandalandrew.com/
Malavika Mandal Andrew,instagram,https://www.instagram.com/guillermo_arismendi/,a second link of this type,https://instagram.com/malavikamandal
Michael Pierre Price,website,https://kalamint.io/user/prince_magnolia,a second link of this type,https://www.michaelpierreprice.com/
Nina Sobell,website,https://sarahsong.site/,a second link of this type,http://www.ninasobell.com
Nina Sobell,instagram,https://www.instagram.com/sarahsxr/,a second link of this type,https://www.instagram.com/nina_sobell/
Reese Schroeder,instagram,https://www.instagram.com/reese_liquidoranges/,a second link of this type,https://www.instagram.com/reese_schroeder_artist
ST Rivera,instagram,https://www.instagram.com/_nightshining/,a second link of this type,https://www.instagram.com/__st_rivera__/
Samantha Billig,website,https://www.samnicoleart.com,a second link of this type,
Sue Beyer,website,https://www.suebeyer.com.au/,a second link of this type,https://www.suebeyer.com.au
