word,recording,time (s),context
It's,interview-028,2610,t's just a still frame. But it's a It's a longer kind of a movie and 
It's,roundtable-005,1113,"lways the line that I say, because It's absolutely true. I don't. I d"
It's,roundtable-005,2818,"heater and musician composers, and It's just fun to learn what they d"
It's,salon-009,2938, that much iDubbbz the same as the It's all about the size.
It's,salon-012,5747,"lgebra or geometry or anything but It's this is very, very important "
It's,salon-012,5747,"is is very, very important because It's this is very, very important "
It's,salon-016,3461,anted so um it's always here to be It's another blurring of boundarie
It's,salon-023,290,d encourage you to do that because It's not you. It's not your expres
It's,salon-044,4331,re working with a group called the It's hard for like someone like my
It's,salon-050,2029,an see I'm going to put you in the It's a very good company I found i
It's,salon-056,3055,roject we're putting in there is a It's going to go up in the beginni
It's,salon-077,9373,"ait, or maybe just roll out as the It's the unfolds"
It's,salon-078,3062,". It's 36 inches by 42 inches, and It's a street scene in Paris. Agai"
It's,salon-079,3101,"t's all that I'm gonna do, because It's just a little quick. Quickie."
It's,salon-081,3710,aken into direction. And it's been It's really one. It's really one o
It's,salon-083,5252,scoe center for the arts. Which is It's not located.
It's,salon-085,3776,"No, it's still going into It's still going into presenter mo"
It's,salon-085,5451,"s. And yeah, you know, it's been a It's it's been a huge undertaking "
It's,salon-088,2108,"ndian clothing or your concept, or It's just it's kind of unusual and"
It's,salon-099,2291,"ifferent communities, and that was It's just really, really amazing. "
It's,salon-100,1889,t of… it's dashes and patterns and It's flowing across as if the wall
It's,salon-100,4144,"ee what else people are doing, and It's… there's a nice icon thumbnai"
It's,salon-101,222," making characters come alive, and It's kind of wacky, the whole thin"
It's,salon-105,1887,"e. So, those are different kind of It's views, like that. Yeah. Also,"
It's,salon-107,4456,"l of the… just media, it's such a, It's just such a… it's so open. It"
In,interview-027,4022,"ions of the outside world, because In the end, you know, there's pl"
In,interview-027,4563,"he world that you can't get to, or In a shipping container, you kno"
In,interview-028,1131,"l of that is kind of wrapped up in In those terms, both, you know, "
In,interview-029,234,"art here, at the entrance, because In these first images here, it's"
In,interview-029,675,"d reality, so I was interested in, In pattern, wallpaper, my genera"
In,roundtable-005,3127,"m starting a book project that was In in a sense, Colin nudged me t"
In,salon-077,9424,"ly along, so that their spaces are In in a shape that people are ha"
In,salon-078,3492,"time II don't want to do that, but In this case the what you don't "
In,salon-080,3042,"lied, and my first show was at the In the middle of the the city go"
In,salon-082,1997,"nt connotations. And For me, in my In my world I feel like nice mea"
In,salon-082,1997,ains sort of a footprint which has In formerly protected areas that
In,salon-082,4985,couple of Of local artists who are In a group that is called Digian
In,salon-083,1140,"onded to things that were going on In my life, but I've always felt"
In,salon-085,2142,"s. I had a younger brother who was In a nursing home, and I had to "
In,salon-088,1789,". My thought was that this girl is In a bloody world, in a blurry f"
In,salon-089,497,as made a big impression on me and In my mermaid's piece. Here I cr
In,salon-094,1174, it was shown at various places in In the world. And the most recen
In,salon-097,5177,rk. So. But I get that. It's it is In abstraction. It there is a li
In,salon-097,5262,ll these parameters that I use are In most cases I have some idea w
In,salon-102,1455,o a kind of cultural extinction in In which the memory of a being d
In,salon-107,1506,"ind ways to apply it, and kind of, In a cryptic way, show what was "
In,salon-108,3122,"the map, and it it's actually been In existence in various incarnat"
To,interview-027,1265," you, you know, just like having a To receive all of these differen"
To,interview-028,1131,ism. I think when I 1st started to To really kind of think about th
To,roundtable-006,2750,"that is photographic in nature to, To mainstream galleries, not seg"
To,salon-036,1534,across. And So we would output the To nine track. They would take t
To,salon-078,5477,use that's always good material to To publish both on the Youtube C
To,salon-079,153,"scanner, basically. And tape it to To train windows. I thought I'd "
To,salon-079,4397,d of your source of inspiration to To either tackle the the notion 
To,salon-081,3517,here anyone else who would like to To share what they're working on
To,salon-084,4256,I might be willing to To work on that. We'll see. Not.
To,salon-087,3,"ch would be basically everybody to To mute your microphones, and th"
To,salon-088,1058,"the culture of earth, you know, to To people off the earth, or what"
To,salon-088,4834,"of months out, so we don't need to To decide on it."
To,salon-090,4881,we're not going to get a chance to To to have some exchange or ques
To,salon-094,115,spressionist. When you say you are To further this philosophical ap
To,salon-096,3024, we did here about a year ago with To expressionist artists in a me
To,salon-098,1189,"ed it. It might be interesting to, To… to… to see it, that… to see "
To,salon-104,1749,"rn Art. They ran a competition to, To, you know, to have artists wo"
To,salon-105,1887,"ou know, whatever the platform is, To make it, and, also to make sp"
To,salon-107,4926," role as an artist is. To sort of, To walk the tightrope without a "
To,salon-108,3122,l that sense of it was an honor to To work on this project. Working
To,salon-110,4006," I'm looking forward, you know, to To getting involved with that, s"
My,interview-027,825,very important influential part of My family and the culture that I
My,interview-027,958,ew up in a house full of music and My mom was always dancing Jitter
My,interview-027,958,"cing Jitterbug in the kitchen, and My dad, I grew up on the racetra"
My,interview-027,2832,There might My long-term collaborators. All 
My,interview-028,118,"'s just been, you know, part of my My being for as long as I can re"
My,interview-028,4182,nd of relates to the maybe it's my My sensitivity to having sort of
My,roundtable-005,3002," of what I'm working on as well as My! My moving image work, which "
My,roundtable-006,567,"ided to retire and pursue art, and My whole life, you know, when I "
My,roundtable-006,1153,"ent. But, back then, you know, my, My doctors at the Cleveland Clin"
My,salon-077,6132,"in another way. So this, again, is My limit in knowing What works b"
My,salon-082,1997,ive and storytelling in some of my My work. And so I moved on to th
My,salon-090,2906,1. By the time I finished doing my My presentations I made the rock
My,salon-093,3161, maybe I'd talk a little bit about My work and how this Came about.
My,salon-093,3584,k everyone for having us today and My colleagues for helping out so
My,salon-099,275,egrate The science of my life into My community while serving a fun
My,salon-101,2762," I like making that evident within My work here, you see both, a pa"
My,salon-101,2762,"llage, and why I like to put it in My viewings is the way that the "
My,salon-107,1506,"and then I'll talk freely, but, on My highlights, I have this story"
Just,roundtable-005,1202,"and her other ones, and there were Just surrounded by that. And also "
Just,roundtable-005,2344,y Significantly better than it was Just in the last little bit very r
Just,salon-079,444,"ort of it, and it's struggling and Just as as a human struggles when "
Just,salon-082,2874,"ng how intricate your work is, and Just how evocative that ends up be"
Just,salon-084,1664,cess sometimes instead of just the Just the actual work. And and this
Just,salon-087,5549,"virtual 3D. Space of 3D. Apps is a Just, an amazing escape. You kind "
Just,salon-088,4158, students to modify the colors and Just to go. Some of these are labe
Just,salon-092,5582, close the recording out in in the Just to to keep the time limited. 
Just,salon-095,0,"rformance and performance, art and Just starting to work with technol"
Just,salon-098,614,"ive a historical perspective, and, Just felt the need to paint. Obvio"
Just,salon-100,207,"ape, used a desert vegetation, but Just incredible. So, I wanted… Sha"
Just,salon-101,3673,", see the… Exhibition. So, I have, Just a teaser of it here. And I ma"
Just,salon-102,6244,"e what we think of as science, or, Just the kind of, you know, even t"
Just,salon-104,4087,"art that's presupposing that it is Just another, you know, another na"
Just,salon-105,1887,"m drag. Bending gender norms, and, Just all sorts of fashion styles. "
Just,salon-105,1887,"hat I've been getting from that is Just as, like, being intentional. "
How,interview-010,2088,ersus how do we actually build our How am I as a human or as a perso
How,roundtable-006,1713,"ntioned, he was talking then about How technology, or how… how a mov"
How,salon-077,3615, of the shapes they would take and How long they would last. And als
How,salon-077,9373,"e fact that the learning curve for How various members might be, you"
How,salon-078,4571,"mandarin because of this shift, in How many words it takes to get a "
How,salon-078,4841,g things that you showed before is How people will take what you wer
How,salon-080,2372,"g people to think about money, and How we think about money is, you "
How,salon-089,1696, in the U.S.A. He is fascinated by How waters of coastal and open oc
How,salon-090,4881,"in this community. With regards to How technology has been used, how"
How,salon-093,4879,"ck. I've been in digital media for How long? Colin? Maybe 30, 35 yea"
How,salon-096,4129,hen also get people to think about How they might relate that to the
How,salon-101,1022,"reat, so people can get a sense of How, sort of diverse the geograph"
How,salon-101,1967,"in terms of the sort of outrage of How could this be, you know, $25 "
How,salon-102,4920,"hat. So, yeah, so the question is, How do you understand what kind o"
How,salon-108,3842,"t just really was another level of How the group can interface with,"
What,interview-027,2140,nce of being inside of them is the What is generating this empathy of
What,roundtable-006,2283," about having, you know, having a, What, a journal or an almanac, whi"
What,salon-079,444,d out a bit and started looking at What I think of is as the The comp
What,salon-079,4271,sentially making up the theory for What is going on in our art forms.
What,salon-081,785, to bring into this was a sense of What if we add a 3D. Element to it
What,salon-081,3541, of all over the place in terms of What I do with my work. So when we
What,salon-087,3560, had a lot of thinking to do about What kind of work I wanted to put 
What,salon-087,6110,appy to participate in this and to What happened. Thank you so very m
What,salon-088,1722,"touched on it in the comments, but What I think some of us are partic"
What,salon-088,1789,at she's dreaming of that. This is What this drawing actually means i
What,salon-099,275,"eated it. So let's take a look at, What I saw when I first encountere"
What,salon-099,4628,"d of eerie, fictional pieces about What our future might look like if"
What,salon-105,1887,"e from the gameplay? What kind of, What kind of mechanics?"
What,salon-106,1529,"he idea is basically that you can, What I call live animation. You ca"
What,salon-109,537,"e… this is the project. These are, What you're looking at is a recent"
For,interview-028,3930,So we wanted to create a space for For community and for discussion 
For,salon-033,1865,"ive out the people our profits for For what, you know, That makes an"
For,salon-053,4806,"spect to do with the marketing but For us, to find a way to get some"
For,salon-077,10260,"don't know how much space there is For the name on the door, so that"
For,salon-082,5584,obably ready to wrap things up for For the presentation. And I Ap. I
For,salon-087,3248,"Hello, rehearschel, and thanks for For calling me, and have the oppo"
For,salon-090,1015,lptures that they are created from For historical information that y
For,salon-090,2505,I was asked to curate exhibits and For the one in the the early 1990
For,salon-094,2694,Alright. Thanks so much. Yuga for For sharing about the installatio
For,salon-095,1505,"e here's America. But why I see my For you on park board, do you Met"
For,salon-095,1505,erse. And so I think it is kind of For those who choose to. I think 
For,salon-098,4676,"like, it's not digital media, but, For sure, we have a section for a"
For,salon-105,1887," you, A way that is beneficial for For the sake of you as your immat"
For,salon-109,67,"e actually comes together, because For some of my video art, I neede"
Like,roundtable-005,2583,"ience and then taking it back into Like pro everything I do, even eve"
Like,salon-082,4092," creating that in conjunction with Like, as you were writing, you wer"
Like,salon-095,1505,bout the digital is kind of like a Like reason. Single is like thousa
Like,salon-095,1505,"ally something complicated, like a Like she was in New York. What is "
Like,salon-097,2058,", you can change the particle, and Like as a generic shape, like a ci"
Like,salon-102,2740,"econdary sculpture underneath, and Like, mythology… to kind of, like,"
Like,salon-103,2825,"t afterwards. So, fast forward to, Like, when, I don't know, last yea"
Like,salon-105,1887,"es, like. Stop Ocean, or play, or, Like, collaged in, like, the visua"
Like,salon-105,1887,"games, like. I had to think about, Like, what do we want our players "
Like,salon-107,1308,"ally, you know, drawing on top of, Like, ink wash and stuff like that"
Like,salon-108,3122," right decision, because this is a Like, I say, this will have signif"
Like,salon-108,4073," New York, and before he went into Like, I guess, postgraduate academ"
Like,salon-110,241,"y, like, directly be involved with Like, talking about process, why d"
Like,salon-110,4738,"uld have just loved, loved to have Like, all the students learn from "
As,interview-028,3318,wing and evolving along with me is As well as with the technology.
As,roundtable-006,2725, exhibition to get another kind of As much as you could have a tact
As,salon-079,444,n there was just as much detail as As if as the the images that I w
As,salon-079,2137,"on't know if you can see this, but As you can see, I'm a piano arti"
As,salon-081,1048,er. Give me 1 s. I'm gonna pad her As I type in my password and try
As,salon-081,4513," it's a really amazing to have her As an advocate. She's, you know,"
As,salon-085,518,"e know, the vanishing point is, is As it is, we're looking from our"
As,salon-099,5165,"aling with directly in the park as As everybody's been saying, we'r"
As,salon-102,2740," the jackals are very visible, and As part of… and of course, part "
As,salon-105,675,"aligned with… and brainwaves… and, As well as the colors on the scr"
Have,salon-030,2721,", please hit me up. Can talk about Have you first heard about the, yo"
Have,salon-035,84,e and its history and then also to Have private chats with some of yo
Have,salon-077,10049,beriana for the launch would be to Have your name. The image that you
Have,salon-079,4533,spect for it. But To see a kind of Have sort of a moment has been bee
Have,salon-082,4985,"he middle. There, we don't have to Have our opening reception on the "
Have,salon-093,1873,on is going to be sorry. I need to Have something here to show pictur
Have,salon-095,0," my question to everybody here is, Have you experienced this in the p"
Have,salon-100,3097,. And good in this presentation to Have another look at your wonderfu
Have,salon-100,3515,"on Zoom, it would be great to have Have music with it, and Stephen Pe"
Have,salon-108,836,was gracious enough to allow us to Have a detail I thought might be g
Not,roundtable-005,2425," I like that. I like that sense of Not wanting things to get stale, "
Not,salon-014,2524,"l the platforms or do you know, or Not some platforms offer royaltie"
Not,salon-018,2965,ng to me because I usually kind of Not that I wasn't aware of the au
Not,salon-078,4841," able to mix the words around, and Not only change the meanings, but"
Not,salon-079,1601," and also, this is sorry about the Not great picture on the right th"
Not,salon-079,4313,"ation, not as as photographic, but Not everyone agrees."
Not,salon-089,4094,"Yeah. So yeah. Blown away by the Not only the artistry, but just a"
Not,salon-099,1230,"gular onslaught of people who have Not only tear gas guns, but the a"
Not,salon-099,2564," you see here, that was our way to Not attack any audience member pe"
Not,salon-110,185,"n track, and… and hopefully I can, Not go too much over. But… Ariel,"
Very,salon-079,4333,Yes. There's a Very quick movement going on with 
Very,salon-083,3406,"nd kind of Thing, but it's lots of Very similar professional career t"
Very,salon-085,4224,"he shape of the elements alone and Very, very basic shadow. There are"
Very,salon-087,1876,TV. And also it is a fruit that is Very equivocal in terms of attribu
Very,salon-088,1283,"is world, which is very unseen and Very unseen to the world."
Very,salon-089,4011,"the catalog, I can do all kinds of Very powerful."
Very,salon-089,4732,en responses back from a couple of Very well known us museums they ca
Very,salon-093,1873,"I mean, it really does feel like a Very. Well-developed community, al"
Very,salon-099,576,last images where the butterfly is Very definitely taking on human fo
Very,salon-110,5620,"ngaging in various activities, and Very open-ended, so I think there'"
You,interview-003,3060,raise funds by selling posters and You know artists have real power 
You,interview-003,3119,"ere's tons of layering in here and You know, I like in this case I b"
You,interview-026,1658,"eel the same emotions? Thinking of You, 2001. In collaboration with "
You,interview-026,1658,rticipants on the web. Thinking of You explores the space between th
You,roundtable-002,1248,"e old places that were going to be You know, gentrified, I guess is "
You,salon-016,1338, my whole life and art history and You can see as I moves along thes
You,salon-023,290, way that then can be presented or You can see where I'm from. I'm o
You,salon-053,3151,sman. And this is a picture of the You can see some of the gestural 
You,salon-062,2235,"he best strategy? And is it like a You know, and I don't know what I"
You,salon-099,501,"encountered this image. I typed in You know, to… Certain stock phras"
On,interview-027,2832," thing, and then putting it on the On the blockchain, and saying, t"
On,salon-057,2670,"es. Yeah, I guess. Looks like your On my screen, you're frozen. Oh "
On,salon-077,8807,nd Tommy mentioned something about On the left hand side. You got t
On,salon-092,384,"at it looks as well, of course, on On the frame itself. I'm definit"
On,salon-097,3754,he raise hand tool which is on the On the zoom interface. They keep
On,salon-097,4685,"on on positions, but mostly on the On the the the color, the color."
On,salon-099,1886,"ry, and Spanish, and there we have On it, on the DJ poetry there wi"
On,salon-101,222,"ing would have been projected on a On a scale of… 12 feet across, a"
On,salon-105,1887," like, what parts am I playing on, On my turn, and, like, how does "
Being,salon-083,101,nd and I was heavily influenced by Being in a pandemic and trying to f
Being,salon-084,1664,"ng before about independence, from Being locked into making images or "
Being,salon-093,5173,I think that's just a great way of Being inclusive and not keeping it 
Being,salon-094,3606,"w, invisible, made visible kind of Being transformed all through techn"
Being,salon-095,1505, to it. So it is like a new way of Being in community. That's great. T
Being,salon-100,2496,r in Persian culture talking about Being in an uncertain state as we g
Being,salon-106,4462,hat my state in life is the joy of Being selective about where you go 
Being,salon-107,4926,"e, and Mario as well, in terms of, Being able to have a playground to "
Our,salon-070,276, did with them. Which featured our Our! Arnold Schwarzenegger. And h
Our,salon-079,1352,"re's cameras everywhere, either by Our own doing, with, you know, ou"
Our,salon-079,4533,of success there. Entities came on Our third exhibition. We were dec
Our,salon-082,111,"one was done in about 2,004 and as Our paint box has gotten more sop"
Our,salon-083,1140,"Current social situation and Our political season. In a way, i"
Our,salon-083,2434,hat we met our goal. We raise over Our goals. So we're approaching c
Our,salon-105,1887," well as, you know, talking about, Our own personal stories and iden"
Our,salon-106,1529,"ractive plastic, experiments with, Our corpus of images. Sometimes."
Really,roundtable-005,2060,ficulties and in specific areas to Really explore things like I did an 
Really,roundtable-005,2060,n to. You know that experience was Really great. Then I sort of went to
Really,salon-016,1338, Masking and colors and layers and Really started pushing the envelope 
Really,salon-082,3643,sentations today. All of them were Really fascinating their own way. An
Really,salon-085,3979,"d 250 foot environments, which was Really exciting for me, because I'd "
Really,salon-100,1095,"a drawing of me solely, and it was Really fun to hang out. So, overview"
Really,salon-101,3156,"ound, I can do that. So, yeah, and Really, you know… It's cool to see w"
Really,salon-107,715,"int the artwork, which is sort of, Really about enhancing ambiguity, an"
So,interview-001,1219," going to be the last layer of the So. Um, so that's kind of like w"
So,salon-012,3828,"le bit of a picture of the, of the So these are some of the paintin"
So,salon-016,1338,to dark and building up layers and So once I got into doing working
So,salon-021,258,his. I think that's a great way to So I wanted to continue explorin
So,salon-029,1505,ing. So I've been working with the So here in this piece it's the s
So,salon-035,84,ocial sculpture. Is in you all and So the fact that I can watch Col
So,salon-061,1685,u a little bit of a picture of the So let me just skip ahead here. 
So,salon-086,5244,h other people who are living with So I had a really interesting co
Some,salon-078,4382,"It's not like it's huge, but Some countries you would never gue"
Some,salon-079,1601,showing the work at where I have a Some wire frames that I drew of Do
Some,salon-080,1917,id not selling is kind of based on Some of what you see in like tradi
Some,salon-081,4886,'s about selling. I've already had Some of the people in the entertai
Some,salon-084,3992," our political, in our country and Some inner twining of the Environm"
Some,salon-102,1455,"ng here is a kind of prototype of, Some imagery, mixing together imag"
Some,salon-103,4810,"s, Asians, etc. Also, it, it is a, Some artists find that it's a smar"
Some,salon-107,4926,ay I like to look at it is because Some of this technology is very ad
Sort,salon-079,444,ng it. This this piece is a way of Sort of getting inside of that mem
Sort,salon-080,375,t and These pieces came to me in a Sort of a dream state. And then th
Sort,salon-081,502,"r me, I I wanted to take a look at Sort of the minimalist background "
Sort,salon-082,1997, have left for? And so that is the Sort of the gist of these 2 books.
Sort,salon-083,1140,"lso sort of an occasion for me for Sort of a. Oh, God! It's revenge! "
Sort,salon-094,1174," so, as you can tell, artists have Sort of utilize this unique struct"
Sort,salon-096,190,"at are also mothers, and we we are Sort of following the steps of the"
Sort,salon-109,5909,"itional after-party, which is our, Sort of advisory board meeting, ak"
An,interview-027,2832,And we made a VR project. That's a An opera murder project. I do mu
An,interview-028,2122,"r, and that it begins to recede as An idea of technology, and is so"
An,salon-033,1865,"an isn't actually here. She's from An old, old painting I found And"
An,salon-092,0,ided upon by their participants as An artistic approach in which te
An,salon-093,3161, iterative project that began with An image of the sound of a war j
An,salon-095,1301,this is kind of the 1st foray into An international area. We limite
An,salon-104,4365,", and I think that If there is an, An analogy that that… that is pr"
Come,interview-027,561,"o this one, I'm just gonna kind of Come at this from some different p"
Come,roundtable-005,517,"nterested in your work. You should Come, and I did, and the rest is h"
Come,roundtable-006,1153,"es that have, you know, that have, Come and gone, some still exist. A"
Come,salon-077,1650,t? And there's no way that you can Come any kind of value system base
Come,salon-080,1733,"n. So if you're a curator, you can Come in and filter through all the"
Come,salon-097,150,"his like, have a conversation, but Come back to it when you need it, "
Come,salon-108,3386,"e to SIGGRAPH should see that, and Come to our session. As well."
Is,interview-027,3782,l thing that I'm very attracted to Is just the strong community of 
Is,salon-083,5056,"e about him, since this is sort of Is commemorating his, you know h"
Is,salon-088,2058,er dress? Or am I making more than Is there.
Is,salon-095,1505,"hat has come with this movement is Is amazing. You know, and yet an"
Is,salon-105,1887,hing that's very interesting about Is that you… Reliant on collabor
Is,salon-110,2252,"ormation, and voila! The flyer is, Is made. So…"
Is,salon-110,4959,"exciting. One of my questions was, Is the idea to make a, it seems "
Kind,interview-027,4022,s a very Apt way of thinking about Kind of the.
Kind,interview-028,3135,"nk, a dimension of the word and of Kind of extending that as a name t"
Kind,salon-077,446,"ld Pull it out from the glass, and Kind of make a different compositi"
Kind,salon-077,10638,Or do you think you have enough to Kind of gets you going?
Kind,salon-102,2740,"ing a lot of cognitive aspects and Kind of, like, cognitive tricks ar"
Kind,salon-104,2815,"of, decision-making that goes into Kind of rethinking your whole appr"
Kind,salon-105,1887,"ean, really, what has needed to be Kind of doing a similar thing. The"
All,salon-082,1997,gist of these 2 books. And that is All I have to share for today. So
All,salon-087,836,"Joey For your amazing efforts, and All the hard work. He did so abou"
All,salon-087,4287,"e United States sounds like 95% of All the goods. And you know, it's"
All,salon-089,1696,"so going back generations prior to All, had studios in Provincetown."
All,salon-090,2906,. That was walled off from the the All. The equipment was walled off
All,salon-096,4955, make connections with people from All over through your ideas.
Be,roundtable-005,2818,y that comes along that's going to Be exciting and add another dime
Be,salon-079,4533," on top, so kind of like you would Be in a dark room. You know, add"
Be,salon-081,3178, really get used to compromise and Be generous in listening to thei
Be,salon-083,739,"ittle bit hesitant to you know, to Be added to it. Because, he said"
Be,salon-083,4391, might be happening on that day to Be here.
Be,salon-087,3560,it was time for people to come and Be at church and be in the mosqu
Create,salon-077,8304, you because you basically need to Create the account where you start w
Create,salon-078,2058, the digital technology to sort of Create a kind of fluid Authorship. R
Create,salon-079,1219,"e, why photography? Because it can Create this immediate participation "
Create,salon-082,4123, the there Often becomes a need to Create another image. So there is a 
Create,salon-084,2180, liked about that was that I could Create the logo with Ascii character
Create,salon-088,1789,"uture together, piece by piece, to Create something that she Really des"
Discussion,presentation-002,1168,"r for the inherent bias built into Discussion models. And finally, these te"
Discussion,presentation-002,3787,t we're using use what is called a Discussion model. And diffusion analyzes
Discussion,presentation-002,3972,"how large language models work and Discussion models work, you can still, a"
Discussion,presentation-003,2553,ppened over in Europe and they are Discussion art and science giving presen
Discussion,presentation-004,0,ns where artists come together and Discussion ideas and encourage each othe
Discussion,presentation-007,0,ns on Zoom and artists present and Discussion. We also have smaller groups 
It,interview-003,3221,h is something I coded in 1998 and It goes through all the years an
It,interview-021,3919,nd and and and and and and and and It has to be there for it to wor
It,presentation-003,1620,"machine and we took off. Well, and It changes one's life or you kno"
It,salon-022,2330, fact that it didn't have a lot of It didn't have for her nearly th
It,salon-026,5413,king at all. So I'm just trying to It has not because this is the f
It,salon-057,1515,hat fear happened for me which was It could happen for people And I
Maybe,interview-028,4053," The best thing is just to kind of Maybe be connected through social, "
Maybe,interview-028,4678," generative text, and just kind of Maybe a dearth of knowledge around "
Maybe,salon-080,1917," on. You have to be thoughtful and Maybe have a business plan, or some"
Maybe,salon-082,5191,nna you're close enough that I can Maybe drive somewhere and retrieve 
Maybe,salon-084,1747,And and Maybe onto some other people. How d
Maybe,salon-095,1505,ting comparison to think about the Maybe inner circle and outer circle
No,presentation-001,2396,"n the material. Okay. And you were No, I wanted to tag on to what R"
No,salon-079,3101,"em. But I just I loved the way the No exit sign came in, and here a"
No,salon-080,375,"it. And the gallery eventually was No longer happened, no longer wa"
No,salon-082,111,"e no one. And yes, he worked for a No kill shelter as a veterinary "
No,salon-082,4044,d it's in this flat space that has No.
No,salon-084,3207,are tons of little pig buttons and No dominion. It's it's a dollar 
One,salon-087,5171,urney. I'm excited to introduce my One of my latest digital painting
One,salon-088,4331,software. So that summer I went to One of the conferences. I went to
One,salon-093,3625,hink it's also the headquarters of One of the large hotel chains. Th
One,salon-096,190,k at this at this deal. So this is One of my one of the stills of my
One,salon-096,190,"ce in the gallery, and that led to One of my sort of final projects "
One,salon-106,2046,"ikhail Bora. And, he has shown at, One of our salons before. We're v"
That's,interview-028,3421,g out in real time. That's kind of That's a project that involves a lot
That's,roundtable-005,567,That's a That's actually a really interesting
That's,salon-043,2076,Government has been That's pathetic. Only 19.2% of all f
That's,salon-079,1219,"t experience of everyday life, and That's another wonderful phrase that"
That's,salon-082,3643,"y dealing with death and life, and That's, you know, the the essence of"
That's,salon-095,1505,"ionism, you know, it's coming from That's expressionist and a kind of e"
Things,interview-029,234,"ears ago, right? So this mixing of Things that I make with my hands and"
Things,salon-088,4048,"you look at a lot of her work, but Things. I thought of."
Things,salon-101,5014,", 3D models, so this is one of the Things I wanted to share with you."
Things,salon-107,1506,"like, trying to just get away from Things you could totally recognize, "
Things,salon-107,4800,"ose, I don't know, little kind of, Things that you can spark off, you k"
Things,salon-108,5395,"articipated in various events and, Things like that. They're a really i"
Where,salon-041,4162,That some of you are familiar with Where I use my own face And life Wh
Where,salon-083,1843,"V show. To signify and do a not to Where we are now in life, Being in "
Where,salon-090,1776,ere sort of the modern aversion of Where printing started. They had th
Where,salon-092,2485,And these images here of the Where for me of the universe ever b
Where,salon-094,2903,e colors really changed a lot from Where they 1st started to seeing th
Where,salon-110,2232," cool. And it really is building a Where I think people are, really bu"
Basically,salon-077,3,"io assistant for 30 years ago, and Basically learn silk screen printing ho"
Basically,salon-078,4906,ctive file. And then that would be Basically that would just be the buyer 
Basically,salon-097,2801,The waves and they're created were Basically utilize the same sort of thin
Basically,salon-097,4348,o. So Joseph has been working with Basically like they're described as com
Basically,salon-109,3923,"doing digital art for so long, and Basically, it's been sort of a tussle w"
Do,presentation-008,1491,. Yes. Like is like screenshots or Do you want to say anything abou
Do,salon-094,3606,", like everyone said we, we had to Do a lot of iterations and exper"
Do,salon-100,4631,"t loved him, that we went to, and, Do you have."
Do,salon-105,5235,", the tracker. In space, but… but, Do you think there's a… do you f"
Do,salon-110,914,"nd for everybody. I'd like cha to, Do you have a screen share that "
Let's,roundtable-005,948,"ut how this all began for you, and Let's start off. Let me. Let me poi"
Let's,salon-011,2610,tions. It's just a little bit of a Let's see the next. This is a an ex
Let's,salon-023,290,"ust start in with that and this is Let's see, I got to share screen to"
Let's,salon-078,2058," case it's actually playing off of Let's see, let's get it to play."
Let's,salon-084,1077,of session into depth. The idea of Let's see. Sorry The idea of A pict
Share,salon-081,502,"enix, Arizona. Let me go ahead and Share. My screen."
Share,salon-085,1553,"Verneta, were you able to get your Share to work? And, William, you're"
Share,salon-085,4590,"Okay, I have to stop the share and Share again. I'm really sorry. But."
Share,salon-087,3786,"ough with, that I might be able to Share a screen of the process that "
Share,salon-098,343,"ks so much. I just also wanted to, Share my screen real quick, so if a"
There's,salon-057,718,as a whole. It's a little bit of a There's a nod to the Belgian surreali
There's,salon-094,1174, the layout of the installation is There's many iterations of the layout
There's,salon-096,4129,"imple principle to start with, and There's a fractal quality when you lo"
There's,salon-101,3977,"ing. Let me see if I can find the, There's an image of… yeah, so this is"
There's,salon-106,3754,", Boras, the spiritual aspects of, There's so many interesting things ab"
These,interview-027,4022,", you know, to be to be taken from These different movements, and I th"
These,salon-080,375, had survived cancer treatment and These pieces came to me in a Sort o
These,salon-082,1997,. So this morning I was working on These other these other images. So.
These,salon-082,4354," society oftentimes, you know, has These, you know pronouncements abou"
These,salon-095,1505,"ly very interesting to me, because These are people that relate concep"
Us,salon-080,854,rtheast part of the country of the Us.
Us,salon-084,176,rt with the words like here in the Us. The Constitution it starts w
Us,salon-090,1015,mputers. A few universities in the Us. Had computer engineering pro
Us,salon-096,2088,"ke as much money as someone in the Us. Through, maybe crypto or som"
Us,salon-096,3730,"hings. It's the oldest part of the Us, you know, young by other cou"
Well,presentation-001,2774,"rb of New York City. It is about a Well, when I was a kid, it was abo"
Well,roundtable-006,1153,"everybody for having me, here, and Well, let's see here. My roots in "
Well,salon-056,3055,"e could continue talking about the Well, thank you very much. And and"
Well,salon-094,781,"he current exhibition, and we have Well, so from the left there John "
Well,salon-098,2034,". And then shortly thereafter, in, Well, actually, it was a little bi"
But,salon-008,2874, nothing wrong with doing that but But we're working with the medium
But,salon-016,1338,cepts about how to do painting and But I loved digital and I loved b
But,salon-025,1535, So this one has a little bit of a But you'll notice this one has th
But,salon-105,1887,", and, you know. Slowly to kind of But, yeah, I think it's really… T"
Completely,roundtable-005,2583,d times in my life where I have to Completely switch. Because I'm I'm kind 
Completely,salon-087,3560,"I'd never heard of them, and I was Completely surprised by the acquisition "
Completely,salon-096,4955,ists who participated today. I was Completely blown away by all of your wor
Completely,salon-109,3923,"ardy Artist, you know, and not be, Completely preoccupied with the technolo"
Get,roundtable-005,1462,and I also did a lot of reading to Get away from everybody else.
Get,salon-087,6110,aily nor diary but it allows me to Get off. The whatever is in my he
Get,salon-087,6426,ry nice meeting them. Delighted to Get to know them better. I saw th
Get,salon-101,2,"And then we will, Get going. So the first artist th"
Getting,roundtable-006,3047, personal goal of mine in terms of Getting people together and seeing wh
Getting,salon-087,3560,"n, actually, I was Part of sort of Getting the ball rolling on it. I had"
Getting,salon-093,5173,u're going into this space and and Getting transported. And so thank you
Getting,salon-107,1506," interesting to kind of talk about Getting here, because it all was a bi"
Going,salon-078,4841,really interesting statement about Going from physical to the web 3 sp
Going,salon-083,101," st and I have all that history of Going to school and photography, an"
Going,salon-094,1174,"s of the you know. That is kind of Going on in the war right now, as t"
Going,salon-107,1506,"f someone's computer just kind of, Going bonkers on them and showing a"
Part,salon-079,2137,hape and the texture of it. It's a Part 2 of the for B pencil stroke 
Part,salon-087,3560,"t this exhibition, actually, I was Part of sort of Getting the ball r"
Part,salon-087,6211,ve come. I've been fortunate to be Part of these since number 3. So i
Part,salon-102,6447,"ip between those two, if there's a Part of chance that emerges, and t"
Something,roundtable-006,859,"w, the automatic gesture came from Something that was, you know, sublimina"
Something,salon-078,3492,cture To kind of create a sense of Something old and something new. This w
Something,salon-083,2984,"s, and he talks about all that and Something is covering my screen. I don'"
Something,salon-085,5291,ch other. And so my perspective is Something good can come out of somethin
Still,salon-083,739,"was extremely lucid, you know, and Still continuing to make work. This"
Still,salon-085,3203,I currently am a bit obsessed with Still life of natural or found obje
Still,salon-101,1044," camera. So all my art is based on Still photographs, but sometimes I "
Still,salon-110,3607,"the XR space. And I made a lot of, Still life photography inside world"
Think,salon-079,153,"ents out of the world. In order to Think about what you're seeing, wha"
Think,salon-089,5064,"ina, did you have your hand up, or Think she? I think she left."
Think,salon-089,5174,"e. You know, individual artists to Think about it, you know, and if yo"
Think,salon-105,1887,"hat framework allows… allows me to Think about, like, those tangible f"
About,roundtable-006,1153," you know, I got through okay, and About… 1989 or so, I just said, 198"
About,salon-096,3081,y phone. And the meaning behind is About the connection between all of
About,salon-100,1372,"lay statement from the past about, About, art makes the invisible visi"
Actual,salon-077,4886,reet signs later get replaced with Actual light posts. There's from ove
Actual,salon-085,3979,"ings, once we start working on the Actual designs for these buildings, "
Actual,salon-100,1095, this piece to include some of the Actual elements. I recycled them int
Amazing,roundtable-006,4328,"to catch on, and how… what kind of Amazing international response there "
Amazing,salon-081,3096,"t's really Right now. The group is Amazing. So, thanks, Cynthia, your wo"
Amazing,salon-108,3322,pare for today. And it's just been Amazing how much work. Has gone into 
Artists,interview-028,2002,"teresting. And I think the idea of Artists, poets, creative people using"
Artists,salon-080,1917,"ng for, those kinds of concepts of Artists and collector coming together"
Artists,salon-080,2372,"which is our artist union, and our Artists run centers and other organiz"
Creating,salon-080,1917,"and Phoebe Hess, that combined for Creating a scarf. So you go onto the p"
Creating,salon-083,1140,"d his Contact, who's going out and Creating some kind of mischief. And fi"
Creating,salon-087,3085,"nd everything, all of you put into Creating this space, and I just makes "
Doing,salon-080,854,thing to share about. But as I was Doing this inventory of mine have b
Doing,salon-100,4465," are collaborating, some of us are Doing whatever artists need to do. "
Doing,salon-104,3414,"he convergence, and the embrace of Doing things, discovering new ways "
Everyone,salon-089,1696, human experience. We can tap into Everyone in their lifetime has paused 
Everyone,salon-099,5815,"ting work. I also wonder, because, Everyone here is making pretty persona"
Everyone,salon-101,2260,he theme of the wrong biennial was Everyone must be using some form of AI
Giving,salon-079,3101,"re about the lines. It cares about Giving us the information. Okay, thi"
Giving,salon-080,3681,e legacy they're going to leave by Giving this artwork to their family 
Giving,salon-087,836,so much for presenting the art and Giving me time.
Go,salon-085,1698,"ke advantage of the opportunity to Go to concerts, go to theater, g"
Go,salon-085,2634,oping that Alright doesn't want to Go from one to the other. I don'
Go,salon-090,1015,"ngs in my studio. His comment was, Go light! This led me to work in"
Light,salon-016,1338, used to layering and working from Light to dark and building up layer
Light,salon-074,1432,tones. So shadow has like a lot of Light and dark have a lot to do wit
Light,salon-085,1698,"way to think of the perspective of Light and color. Well, all colors c"
Looking,interview-028,1131,than post human but really kind of Looking at how maybe our growing abil
Looking,salon-077,3147,And that's a a curiosity for me is Looking at artificial life where you 
Looking,salon-082,1997," then finally, in terms of sort of Looking at telling the story, I have "
Making,salon-085,1698,uching people around the world and Making them feel something. I'm not 
Making,salon-088,2460,as there a kind of instruction for Making this based on dreams? I feel 
Making,salon-103,272,"ee whether or not it is capable of Making the point visible. So, I'm go"
Medium,roundtable-001,3,"ifesto, which I first published on Medium in 2014. This text was inspir"
Medium,salon-015,108,nd I wrote a blog post about it on Medium. Where I talk about NFTs and 
Medium,salon-034,128,ing a guy that wrote an article on Medium. Just a guy. Yeah. Not a scie
Most,salon-025,1535,m a Mac. Let me just take over the Most sorry.
Most,salon-081,2458,ause I want in the town. I live in Most of the places don't have equi
Most,salon-110,2,"s that we could work together, and Most recently this spring, I was f"
Put,interview-027,4489,ortunity as far as. The ability to Put work on to the blockchain to 
Put,salon-083,4900,June 20.Th So I'm going to put the Put this here in the. I realize n
Put,salon-085,2142,"Royal, Ireland. And here we have a Put up the broad river. And we we"
Technology,interview-027,4779," raised awareness, you know, about Technology based work, the blockchain an"
Technology,salon-082,3243, previous saloons in in regards to Technology and how we use technology to 
Technology,salon-095,1505,definition was sort of a mashup of Technology and expressionism from the Ox
Thank,interview-014,606,icles have gone so they can try to Thank you.
Thank,presentation-003,1990," be and that was very important to Thank you. That's helpful, not havi"
Thank,salon-056,2225,'m going to have a little bit of a Thank you.
Those,salon-082,3243,some discussions off of camera and Those last couple images. We're int
Those,salon-089,497,"a serpent from that image, because Those were the ways that ancient pe"
Those,salon-095,1505,"se artists who participated in the Those shows, or is it, or is it the"
Thought,interview-028,3318,". My poetry, my research notes, my Thought starter post-its, like all of"
Thought,salon-085,4427,s that I wouldn't necessarily have Thought about myself when I was makin
Thought,salon-090,2906,hinking of time and experience and Thought and and. It got me thinking w
Trying,salon-077,4886,es in that I could. And this is my Trying to track for you on a laptop.
Trying,salon-082,3530,"once in a while. It frees you from Trying to force, you know, force a n"
Trying,salon-102,5245,"ntists I've worked with have been, Trying to hold that line a little bi"
Using,salon-079,1352,"hanged, especially as we come into Using. And I love this. Where's my "
Using,salon-083,3406,the pain with the video format and Using lots of techniques which is v
Using,salon-084,4602,r Renato or Colin. Last time I was Using our lupa and artifact a few y
Way,salon-050,634, I just want to just throw this in Way back on porcelain baked ename
Way,salon-077,3147,"ntation. I I'm fascinated with the Way in which these are created, a"
Way,salon-089,4881,"ly what I need. Okay, so so to the Way in which you're, you're disco"
We're,presentation-002,3207,"one. Yeah, we're just about out of We're I think you have to leave in "
We're,salon-050,3333,his is the this is the this is the We're also experimenting with a lot
We're,salon-077,10610,e says remix and not edit. And and We're not. I didn't think that was 
What's,salon-084,3992," But it does have influences about What's happening in our political, i"
What's,salon-092,4295,es. But what's also interesting is What's presented. I can interpret th
What's,salon-104,2610,"ve you certain kind of energy, but What's wrong with patching with it? "
With,interview-027,4489,signify that it is truly yours and With like. In the traditional art 
With,salon-099,6109,"at's what's going to resonate with With us as this little circle, but"
With,salon-103,4347,"hotoshop in order to continue with With all the, you know, with the a"
Work,salon-081,3541,"hat I do after that is, I start to Work with it in photo editing or l"
Work,salon-088,2949, work that you did as a student or Work that you've done with student
Work,salon-089,497," emojis that involves putting your Work, whether it's still image or "
Your,salon-082,3243, to see How that interplay between Your artistry working with the AI 
Your,salon-088,2200,"Thank you for Your all comments. Yes, Aditya, yo"
Your,salon-110,2398,"erience, and if we can see some of Your current work. SAHur on, right"
Add,salon-097,4466,"ccount in open processing, you can Add your call to to that creation"
Add,salon-106,4290,"We have to forget everything, and Add. Technology, add the generati"
Again,interview-028,378, and was really shaped by a lot of Again. I had a lot of books around 
Again,salon-084,1077,"'m much happier with this, because Again, you have this terrific ambig"
Almost,interview-027,3651,"it's hard to not have it seep into Almost everything that we do, creati"
Almost,salon-080,375,s I've been creating art parts and Almost all the series I've ever crea
Already,salon-081,4974,ion of art. Sometimes that work is Already minted onto a blockchain. So 
Already,salon-104,2926,r and we found the marks that were Already infiltrating… infiltrating ou
Also,salon-083,3406,s up to really what art really was Also as well that feeds into what 
Also,salon-088,725,wise All this night all this might Also become a reality in near futu
Anything,roundtable-006,3770,"day's NFT, for, I think, more than Anything had ever sold by a contempora"
Anything,salon-083,1140," Social commentary or advocacy, or Anything like that. I was doing Revisi"
Are,salon-080,2372,hes on some of the themes that are Are contained within the coin and
Are,salon-084,5323,pective that are usable and at our Are historic and presentable. So 
Back,roundtable-005,2447,"u know a seminal moment for me was Back in 2,005. I ran a a painted s"
Back,salon-031,455, I like to lower the price because Back to the general regard when I 
Bring,interview-003,3275,w on on on all of this and sort of Bring this to a nice what you would
Bring,salon-081,94,"I'm trying to Bring it a bit of joy. And we have,"
Canvas,salon-025,1535,e artworks exist at these sizes on Canvas as well as in this virtual wo
Canvas,salon-104,463,u translate it from the imagery on Canvas or the imagery on paper into 
Change,salon-077,446,"ry page of the book, and you could Change the book. You could Pull it o"
Change,salon-094,4148,"eah, it. I'd I'd have. I'd have to Change their aspect ratio. The aspec"
Combining,salon-079,444,of the the algorithmic mind. So by Combining all of the images over A whol
Combining,salon-085,3203,ome pictures. And then I worked on Combining them with some other layers.
Commercial,salon-088,3741,"at I personally use for my art are Commercial design tools myself, like ill"
Commercial,salon-103,5053,"p. So I do, you know, I do sort of Commercial work, design work and product"
Connect,salon-098,3277,"oyed, creating some pieces using a Connect motion tracking system, which"
Connect,salon-098,3486,"teresting how you incorporated the Connect into the process, for sure. S"
Different,interview-027,2140,"g up with new prompts, mirrors and Different video bars being projected th"
Different,salon-106,3599,"resting, which is, a… a fusion of, Different, genres, things we have… Cons"
Every,salon-097,2575,"are expanding and contracting, and Every with some periodicity, the co"
Every,salon-105,1887,"time. It's so interesting, because Every time, for me, Miss? Would not"
Experiment,salon-087,3786,"Floating around. I'm hoping to Experiment here, since we're using this "
Experiment,salon-097,2575,l 5 500 sketches. Some of them are Experiment. Some of them are more polish
Exploring,salon-087,3786,"here. Really, I love the method of Exploring curatorial process within thi"
Exploring,salon-106,1529,"bient was really, interesting for, Exploring the use of new media. I start"
Focus,salon-079,3101,red from what people said today to Focus a little bit my idea. So I ma
Focus,salon-105,1887,"iced that all of you actually have Focus, and in my experience, many c"
Friends,salon-080,219,I did professional photography for Friends of mine and people that were 
Friends,salon-102,6629,m sure each of you has a circle of Friends and colleagues who work in yo
Generative,interview-027,2832,So that's a little bit of my Generative art as well as body landscape
Generative,salon-083,3406, because I've been seeing a lot of Generative artwork and digital artwork. 
Got,roundtable-005,578,hat was really cool. And I kind of Got into making short videos on i
Got,salon-084,3446,couple of months that I shared and Got a lot of positive feedback. A
Hard,interview-027,1628," painting aspect of it, I think is Hard to deny. So"
Hard,salon-099,3022," the left is a… Crossover between, Hard copy, and then digital genera"
Has,interview-029,178,"cyclopedic way. My, my website is, Has everything in it? My web… Des"
Has,salon-098,3533,"It's a… Homage to a place that is, Has a colonized name, Skinner But"
Here's,salon-016,1338, of turned them into paintings and Here's someone you know using differ
Here's,salon-016,1338,g somewhat naturalistic colors and Here's a soft beginnings the landsca
Idea,salon-080,854, is sort of very interested in the Idea of consumerism as a topic. An
Idea,salon-085,2634, self portrait. Another part of my Idea is physically altering the ca
Ideas,salon-092,3353,ain problem for me is curating the Ideas and the outputs. So I would l
Ideas,salon-106,4562,"cause it will not be recorded, and Ideas for future sessions, which is"
Images,interview-027,2832,s work also was using nfts. So the Images that you're seeing on the shr
Images,salon-085,3203,een starting to build a library of Images that I layer into each other.
Immersive,salon-099,3757,etroit collective. The goal of the Immersive theater project was to teach 
Immersive,salon-105,1887,"ing for your logo, so that you can Immersive experience, and it would be g"
Influenced,salon-083,1140, delight to be. Allow myself to be Influenced by what's going on around me.
Influenced,salon-085,878, City. Famous bird came back to my Influenced by pale mail and icons. And t
Interact,salon-094,781,rcity when we have this ability to Interact in ways that are not based on
Interact,salon-106,1083,"with 40 projectors, where you can, Interact with the fish. The fish are r"
Keep,salon-084,5223," to do it. Then I you know I would Keep that motion open. If Roz you,"
Keep,salon-104,1408,"just couldn't get enough, funds to Keep going as a fine artist. So, h"
Live,salon-027,175," comments. Jeez. Okay. Oh, I had a Live comment that really enjoyed r"
Live,salon-077,446,", and they had a huge warehouse of Live this, and and by the way, the"
Make,salon-080,4655," something that we can all sort of Make happen, or at least move in t"
Make,salon-084,3992, in some Pre online in some way to Make it. So I can share when the v
More,salon-096,3081," from a religious perspective, but More like a spiritual and the rule"
More,salon-110,2,"… Access that, you would click the More button down towards the botto"
Other,salon-082,5500,"e. If you have my email address or Other contact methods are fine, too"
Other,salon-109,5909," out, shoot the shit, come up with Other ideas that, you know, the gro"
Over,salon-095,1505, and lithography becoming. But our Over time is that something you se
Over,salon-109,3882,"ious what your experience has been Over time with what you're doing, "
Painting,salon-088,1789,"Here, we can see that this girl is Painting something in a bloody image. "
Painting,salon-090,2505," Okay, so this is where I had been Painting from 1969, la County has a a "
Practice,salon-079,4533,"rom us? We can support our kind of Practice, and so on. And then, like mo"
Practice,salon-101,2762,"So, in both photography, where my, Practice emerges from, and into painti"
Published,salon-081,4513,"w York Times as an art critic, and Published a monograph of Jackson Polloc"
Published,salon-099,576,"And this project, by the way, was, Published."
Pull,interview-027,958,"we were like sitting in front of a Pull down screen, watching the sli"
Pull,salon-077,446,"u could Change the book. You could Pull it out from the glass, and Ki"
Questions,salon-089,3508,ou know I'll let you guys pick the Questions. I guess if people are going 
Questions,salon-107,1308,"but I'm sure some people will have Questions. So, moving on, we have Mario"
Quite,salon-084,3112,anie. It's great. She's she's been Quite a incredible woman in the wor
Quite,salon-101,973,"r sharing that beautiful work, and Quite an impressive, install as wel"
Screen,roundtable-005,2583,nce with so much like keyboard and Screen time. And it's just sort of p
Screen,salon-096,4704,that can also be supplemented with Screen based work or real that we've
Sign,salon-078,1729,it into sort of art making and and Sign and symbol and meeting making
Sign,salon-078,2058," sort of like, what is the sort of Sign and symbol combination. So th"
Sound,interview-027,2832,"Yeah, that one has a Sound floor, an interactive sound f"
Sound,salon-046,4416, they're doing projections and and Sound throughout throughout the spa
Talk,salon-078,4605,"re native mandarin speakers. I can Talk about actually, that you're r"
Talk,salon-080,2372,ultiple For this talk. I wanted to Talk about some of the themes arou
Talking,salon-077,7657,", and that's what everybody's been Talking about is"
Talking,salon-095,0,use I look back at our pictures of Talking to each other on rotary phone
Their,salon-081,2001,at societators are technologic and Their dome goes all the way down to
Their,salon-097,885,"ls can not only change their their Their their placement in the image,"
Thing,salon-081,4513,t made me kind of realize that the Thing that's important to me about 
Thing,salon-083,3406,"nce I sort of followed and kind of Thing, but it's lots of Very simila"
Thinking,salon-082,1997,"he photograph. The idea of this is Thinking of the word nice, and how you"
Thinking,salon-097,150,"d Using a modern digital media and Thinking of it, I started to experimen"
This,interview-012,1221,rking with a 3D modeler called the This is the most basic 3D modeler 
This,salon-023,3270,pidemic. This is a little bit of a This is again more sculpture.
Through,salon-084,4636,re you know they offer sale of the Through their own commerce platform. 
Through,salon-096,190,looked at the idea of grotesque as Through the prism of Post-feminist wr
Time,salon-008,2874,hat would be based specifically on Time wilted. Based work or centere
Time,salon-079,3927,out it within this sort of idea of Time and our perception of moving 
Type,salon-088,1327," beautiful name, because this is a Type of thing that I can control l"
Type,salon-097,2801," you know, don't have to go in and Type it into the original p. 5. Co"
Use,salon-084,2180,"know, following the artist path to Use these skills like Photoshop i"
Use,salon-092,3577,different languages if you want to Use. Read one and speak the other
Various,salon-083,3406,ng things just to fill screens and Various devices and chasing economies
Various,salon-097,2801,h is a random function starting in Various random corners of each tile. 
Video,salon-092,2614,"m, animate them and turn them into Video."
Video,salon-106,3599,"big reach between documentary and, Video gaming. Would you, care to co"
Wanting,interview-027,2832," are more like country scapes, and Wanting to create like a larger insta"
Wanting,salon-097,150,ut it wasn't enough for what I was Wanting to achieve. And then I found 
Was,salon-084,2180,d her? What was interesting to her Was that it's it's actually an au
Was,salon-090,160,le. But what he was looking at was Was images of what were the image
We,salon-087,2512, drawing kam collage with title is We with the different tools of t
We,salon-105,5235,"low other people to be more in the We… The spiritual energy, the au"
Whatever,salon-094,3606,"t to, you know, defend or harm, or Whatever way you want to look at it in"
Whatever,salon-106,4562,"people can hang out and talk about Whatever, because it will not be recor"
Why,interview-003,2861," gets you in a little trouble, but Why not. So anyway, I'm also whil"
Why,salon-079,4397,"an that. So I'm just curious about Why or where where it came from, "
Worked,salon-077,8437,and Renata and myself have kind of Worked with as well. So does that ki
Worked,salon-098,811," it's… it's… it's a painting with, Worked… I don't know, is it technica"
You're,salon-084,4723,"it a month. Say, like 10 bucks, or You're talking like 30 bucks."
You're,salon-096,3081, also try to make an experience to You're seeing fish in Tvs. And it's 
Absolutely,salon-095,0,"ght be on right now, and hoping to Absolutely raise awareness of our upcomi"
Abstract,salon-082,1997,t to Transforming these ideas into Abstract digital drawings which I use 
Action,salon-082,4481," for him. I mean the thing for his Action for his thinking. Here, I'm a"
Actually,salon-104,2579," up to the wall, and then he would Actually, paint on top of them with ac"
After,salon-110,5026," other major thing that happens is After, like, a couple weeks, we tal"
Afterwards,salon-081,2422,someone else would like to jump in Afterwards. Okay. Alright great. So Cynt
Algorithmic,interview-029,675,"T, things, and they were based on, Algorithmic simulations of flowers and ol"
Allow,interview-027,2140,re you can give prompts that would Allow any person the Desire to move
Analog,interview-028,378,"w, computational, but also kind of Analog algorithmic poetry and experi"
Animated,salon-106,3634,"ing, like, a part of, an anime or, Animated film was, like, this feeling "
Another,salon-097,885,"s. It, it takes the pixel from the Another place in the source image and"
Artistic,salon-102,6629," on equal footing, and the idea of Artistic research on par with scientif"
Artwork,salon-081,3834,"or most of us I think we see it as Artwork first, and it's got the plank"
Associated,salon-087,111,"here's an nft that's linked to the Associated artwork, you'll see that in t"
Audio,roundtable-005,2583,"around with an app. And I just and Audio, and then I sort of Came to a"
Based,salon-109,5138,"lly have in the LA show, that was, Based on the piece I had in Every W"
Beautiful,salon-105,1887,"me right after the, the panel from Beautiful, so… Feel free to join us for"
Become,salon-078,1729,"ttom, right? But also we come from Become a a place where a lot of this"
Been,interview-028,1676, and people who had really kind of Been in that world for a long time
Begin,salon-103,4111,"resent more and more work, it will Begin to find patterns within the p"
Between,salon-090,1776,ed between academic departments or Between artists and art galleries. Wh
Book,salon-106,1529,"ded up being the translator of his Book. Then, I don't know, I've bee"
Books,salon-080,1917,"hing ways in Web 3, so that can be Books. So Tashin put out a book on "
Border,salon-087,5849,theory That's a Give this. He is a Border between magic. There's an une
Both,salon-079,444,pping container? But here you have Both the memory and sort of the th
Break,salon-096,190, time women were trying to sort of Break out of the traditional roles 
Bringing,salon-094,1174,e dynamic into the lobby space and Bringing outside inside. So the the la
Brought,salon-077,4081,ncestors were the ones who were in Brought over forcefully from West Afr
Build,salon-077,3,y fitting. So anyone that wants to Build out something from it the way
Business,salon-077,8383," name by project, or do we name by Business superstructure? Or do we name"
By,salon-087,5849,cable and. Can be explained now by By fire. That's correct. These a
Came,roundtable-005,2583,"just and Audio, and then I sort of Came to an understanding that, lik"
Can,salon-101,3673,"m, so people, from everywhere can, Can, like, see the… Exhibition. S"
Chance,salon-078,2058,"rk in this area, like, there's the Chance operations of data. Then the "
Check,interview-028,4046,"hing that's online that people can Check out, you know, is there sort "
Children,salon-082,111,"the world about not only guns, but Children that are born with disabiliti"
Close,salon-109,537,"'s high school, so he was about as Close as possible as you could ever"
Clouds,presentation-005,1285,e next film that I'm working on is Clouds. It's almost completed for a 
Collaborating,salon-088,2779, them. What were the challenges of Collaborating on a piece together or pieces
Collage,salon-101,2762,"ot of time and live. And, this is, Collage that I generated from a seque"
Collection,salon-083,1713,am going to share with you today a Collection that I created On behalf of m
Colors,salon-107,1506,"d re… you know, assigning color to Colors against other colors. Things "
Comes,interview-027,4022,"ost of my, you know. 2D work is is Comes about. And that was definitel"
Coming,salon-109,178,"lso the invisible violence that is Coming from the outside world, which"
Compared,salon-081,1334," the result is, the 2 pictures are Compared and laid together. What's whi"
Completed,salon-098,3533,"os from the installation, that was Completed, we don't have signage up yet"
Connecting,salon-105,1887,e you always been passionate about Connecting people and finding that conne
Consider,salon-082,5222,"l. I think that's something we can Consider, you know. If that's somethin"
Contact,salon-083,1140,"mewhere On the right side, and his Contact, who's going out and Creating"
Content,salon-084,1747,"ke this. I'm so not thinking about Content at all, I I figure out my bru"
Continue,salon-084,2180,"f towards, you know, being able to Continue doing the things that we love"
Continued,salon-094,781,"tween artists work that allows for Continued growth in each, you know, in "
Corner,salon-083,4869,terview process happens within the Corner of the metaverse. I don't kno
Course,salon-080,2940,Alright. Let me just get my Course I can't find it now
Creativity,salon-085,518,th all my wizardry and digital and Creativity and ideas. How can I? How can
Culture,salon-106,4584,"es, and, also, you know, brings in Culture to us here in the States, whe"
Current,salon-098,2034,"nking, well, a lot of my work, my, Current work involves, painting and d"
Dealing,salon-085,2142,her religious perspective. We have Dealing with hair. We have a dreadloc
Decades,salon-082,1997,"een like that since, you know, for Decades. And then they rescinded it, "
Deep,salon-087,3963," or a deep aquatic environment, or Deep forest, or or there were othe"
Details,salon-096,3081,of Earthly Delights because of the Details and the depth. And unfortunat
Developing,salon-105,1887," yes, my practice has changed from Developing by searching on Google has st"
Didn't,salon-104,4552,"h early coders in the mid-70s, and Didn't turn it… didn't do it, becaus"
Difference,interview-029,881,"an interesting… you know, kind of, Difference between a lot of the screen-b"
Direction,salon-094,781,"ctices, really. So yeah, that's my Direction as a curator and my 5 min spi"
Discuss,interview-027,1751,"w, body of work that you'd like to Discuss in particular."
Discussions,salon-081,4731,"e in them. They don't want to have Discussions, turn into arguments in the m"
Diverse,roundtable-005,340," and collaborating, blending their Diverse cultural perspectives with te"
Does,interview-029,3945,"ike, glitch it. It goes crazy, and Does weird things, so when I glitc"
Double,salon-093,3625,"kthrough, I mean, the ceilings are Double triple the size of the 22 foo"
Draw,salon-105,5235,ding Gamma Time. You'll be able to Draw with your brain with 3 other 
Drop,salon-084,2777,ted experimenting with the idea of Drop shipping prints. So there's T
Earlier,interview-029,234,"ut, work of mine that starts, with Earlier… things. From, not the 90s? O"
Either,salon-101,2260,"e anonymously submitted stories of Either miracles they experienced, or"
Elements,salon-079,3927," is, I think, looking for those as Elements to to to grab onto, you know "
Emotion,interview-028,3637, is bound up with that question of Emotion. I think.
Encourage,salon-095,0,"kistan, so can we take a moment to Encourage people to take note of that s"
Encouraged,roundtable-005,1388,", experimentation that was kind of Encouraged by my parents, who were both "
End,salon-077,4022,h that you spoke of in the in your End product that you wanted to ex
Enter,salon-084,620,"ll one that's cut up. And if I can Enter full screen here, I think you"
Environment,salon-052,4017,"What is it? Energy and Environment, because those are the key fe"
Especially,salon-104,4757,"t's extremely frustrating, because Especially when you're dealing with big "
Events,salon-089,1696,ut that because her project was on Events and the tube worms and the li
Eventually,salon-016,1338,and the richness that you want and Eventually I started getting more abstra
Everybody,interview-028,1358,"ard. You know, 2030 years now, and Everybody has this device in their pock"
Everything,salon-108,3808,", we'll be able to do catalogs for Everything that we do."
Exactly,interview-003,3091,ought conceptual is part of it and Exactly.
Exhibit,salon-087,6036,And I hope to be able to Exhibit more with you. Thanks very mu
Experience,salon-095,0,oup or previous. I mean what I had Experience previous to expressionism. As
Experimentation,salon-096,3081,"s a big part of it, and this is my Experimentation with reflecting sea ocean in "
Explanation,salon-089,497,nderful. The 1st page gives you an Explanation of why we called it the inter
Extremely,salon-093,3584,ng part of this project. It's been Extremely exciting. And the Curator and
Face,salon-069,4714,"my brother, Grady. His nickname is Face. And I took this photo of Gra"
Feel,salon-087,1683,so this one I call balance because Feel like I struck the right balan
Feels,salon-109,2371,"I feel like is very painterly and, Feels like a drawing to me in a lot"
Few,salon-098,3019,"taff, They're, they're one of the, Few, night… night cities across t"
Figure,salon-079,2137,inity. Breaststroke is a series of Figure 8. Over and over and over aga
Find,salon-107,1506," from there, I started to kind of, Find ways to apply it, and kind of"
Flowers,interview-029,675," AI to produce. So, this return to Flowers, organic forms that mutate an"
Follow,salon-101,1388,"rprised, and I find new trails to, Follow and see where some of this wo"
Fractals,interview-014,1217,bout the replications of things in Fractals and keep coming around and go
Front,salon-108,3644,"ssentially, you know, taken on and Front the money for it, as Colin ha"
Full,salon-080,2372," and is no more, I believe, is the Full quote. So my work deals with "
Gone,salon-090,1776,"e end of the day, when people were Gone, I really played around with "
Graphic,salon-097,150,"f it, I started to experiment with Graphic art and then with AI. So this"
Great,salon-108,3644,"for the 50 catalogs, that would be Great."
Group,salon-107,5576,"rd to guide the development of the Group, and I was like. Not having a"
Grow,salon-096,4704,", and just like using the group to Grow them out. So yeah, definitely"
Growing,interview-028,1027,"an definitely relate, you know, to Growing up alongside the personal com"
Hang,salon-100,5682,"f you'd like, who are here now, to Hang out for a little bit afterwar"
Happy,salon-082,4985,e if it gets shipped there. So and Happy to drive stuff to campus myse
Hashtag,salon-095,1505,e other artists that are using the Hashtag that are using these tools an
He's,salon-082,111,"e's not certain of his future, and He's handicapped. I mean, he's not"
Help,salon-108,3053," it was a real honor to be able to Help coordinate the show, to be th"
Helpful,salon-077,5952,"ving a boundary, would probably be Helpful. Also, with regard to the vid"
Helping,roundtable-006,3770,"I like to think of my role as Helping facilitate the salons, encour"
Her,roundtable-006,2750,"tist who uses a camera to make her Her statements, her pictures, not"
Here,interview-026,298," we're going to take a look at the Here, internal and external portra"
His,salon-087,5849,And these are His artwork. Quantum journey is a
Holding,salon-083,1140,"venge! The word I mean the idea of Holding a. You know, a vigorous, dyna"
Hoping,salon-081,3456,"ng paid for. In fact, the venue is Hoping to get a couple of sponsors. "
Hours,salon-101,3977,"yers by AI, and, you know, through Hours of prompting, literally, like"
Human,interview-028,378,ruck by the creative capability of Human and machine collaboration. An
Image,salon-079,1601," with, you know, shapes within the Image. So here we have this Skyscra"
Imagination,interview-028,4182,very fundamental alignment between Imagination and these systems. And and I 
Imagine,salon-085,4224,ally different than what you would Imagine from seeing the final image. 
Incredibly,salon-080,375,"rked for Dave Imas, who was who is Incredibly talented. Cartographer he mak"
Industry,salon-107,5090,"ing on both ends of, like, sort of Industry, and then, you know, working "
Influences,roundtable-005,2583,neurology and other other types of Influences or music. A lot of my video w
Information,salon-079,3927,"in this you know, sort of bunch of Information that we're throwing at it too"
Instead,salon-097,4054,Instead of instead of using the Instead of using using a brush. And t
Institutions,salon-089,3806,there on both the audience and the Institutions.
Interactive,salon-078,2058,"l be that flat image, but also the Interactive file format, and it'll be wra"
Interested,interview-028,3930,"u know, just folks who are kind of Interested in this arena to come togethe"
Into,salon-107,715," as that surface is lofted into a, Into a 3D surface."
Introduce,salon-097,150,for me is the variety that you can Introduce the same idea. The same artwo
Invited,salon-104,1975,"n that the viewer was entitled to, Invited to walk inside the tent, to r"
Involved,salon-096,5295,"n a shared canvas so like that was Involved one artist starting a file, p"
Its,interview-027,480, identified in that way because of Its connection or her connection.
Jump,salon-085,5033,lly did a test print of one of the Jump to our rhapsody images on Vin
Kept,interview-013,1376,es. So I really hit those hard and Kept a pretty decent sketchbook. I
Leave,salon-089,237,"ess, for today people just need to Leave. Their people will be speakin"
Let,salon-101,1290,"s so much. Oh, and I neglected to, Let you guys know in the beginnin"
Literally,interview-027,35," in the pandemic, when artists had Literally no place to put their work be"
Living,interview-027,3651, And it just is. It's an aspect of Living in the 21st century. So like 
Lockdown,interview-027,35,"m that was founded in the times of Lockdown, in the pandemic, when artist"
Look,salon-097,150,ons. Works that evolve forever and Look perfectly without interruptio
Losing,salon-079,444,know just everything connected and Losing track of sort of the ordered 
Machine,salon-097,150," of the 1st works that I made with Machine learning, using my own data s"
Machines,salon-090,1776,hat was back when pins didn't have Machines. I had a little narrow one fo
Manipulate,salon-016,1338, some other works Or you go in and Manipulate the photograph and paint pain
Many,salon-090,4118,"f two-dimensional figures. Men had Many sides, and the more sides the"
Me,salon-092,910," interesting because it turned the Me. Wearing white to me, bearing"
Mentioned,salon-082,4698,"suming, since you said you sort of Mentioned using historical artists to s"
Mixing,salon-078,3,re starting here. And this idea of Mixing text with art. And what does 
Moderator,salon-084,3112,t share a little background as the Moderator. Go to desktop one Chair.
Money,salon-095,1505,"? I worry about nfts being used as Money laundering tools, which happe"
Multiple,salon-096,4528,"ared today, you know, crosses over Multiple media. And and I think that t"
Mute,salon-082,5614,nters. Amazing swan sorry I had to Mute and disappear for a minute. C
Narrative,salon-077,10360,"nto the art. It can be part of the Narrative narrative of the art, or some"
Never,salon-085,518,d in New York City that I knew was Never coming back. But this leads m
Nightmare,salon-058,4230,o it was my first time actually in Nightmare. So it might be more fit to t
Now,salon-080,3681,"The doors of all sagging on Now, in the middle of all of that"
Object,salon-080,1733,"e platform that we curated for was Object one, and it's Obj, KTON E. An"
Objects,salon-077,3,d be considered sculptures such as Objects in a virtual space. And I'm g
Open,salon-033,1865,y're not They're okay to test with Open see is great because of the g
Or,salon-103,3740,periments also with converting her Or collaborating with the AI to 
Order,salon-100,5364,"Yeah, so you can, Order it… we… we actually have left"
Out,roundtable-006,1153,"nd of the light coming out of the, Out of the tubes, and it, you kno"
Pandemic,roundtable-005,2583,", I think, part of the part of the Pandemic experience with so much like "
Panels,salon-087,3560," life These were paintings done on Panels of wood, with oil paint and t"
Paper,salon-088,970,paper? I know you. You spoke about Paper versus you know how you can u
Participants,salon-081,3116," seems like, you know, some of the Participants have really gotten to know ea"
Particles,salon-097,2058,"action. Basically, it's a bunch of Particles I throw on a virtual canvas, "
Patterns,salon-103,4111,"ze patterns, and we have a lot of, Patterns that we generate in our indiv"
Per,salon-099,501,"ined on millions upon millions and Per millions of images, but yet i"
Perhaps,salon-077,8712,"Michael, I'm I want to Perhaps go back a few steps, because "
Perspective,salon-085,2142," deals with the physical aspect of Perspective. Spatially, I do a lot of pho"
Photograph,salon-016,1338,p in Europe you know simplifying a Photograph into something into the color
Photography,salon-095,1505,"k before computers and think about Photography was viewed, as you know, an o"
Physical,salon-081,3759,Really interesting. Especially the Physical material that you're manipula
Pick,salon-105,1887,"ur character and you're fighting a Pick, your, your attacks one at a "
Pieces,salon-082,5380,rful Deep. Attention driven set of Pieces that I wanted to bring people
Place,salon-100,1372,"he bodies of work are… Memories of Place is the oldest body of work, a"
Play,salon-087,4512,"th all that stuff, but I I like to Play with technologies. And and th"
Poetry,salon-078,1729,So I actually came to Poetry and sort of symbolic language
Points,salon-102,6345,"ssionist Manifesto, and one of the Points in it was that the scientific"
Pop,salon-078,1729,e it was making use of some of the Pop language and flipping the I l
Possible,interview-028,1131,"erest to me to sort of think about Possible futures, speculative futures,"
Powerful,salon-102,2740,nk about Indigenous knowledge in a Powerful example for that imbalance. A
Present,salon-089,4965, It's it's really great just to be Present in this conversation. That's 
Presentation,salon-100,3097,"I think a weakness in my, Presentation is that the titles, the pictu"
Pretty,salon-101,1290,"tructions to use those, so you can Pretty much, you know, read, what pe"
Primarily,salon-085,3030, variety of ways. Using apps on my Primarily on my ipad. So I'm just gonna
Print,salon-079,1601,n put them next to one another and Print them in in large installation
Printed,salon-081,1048,"y enjoying, you know, printing our Printed on a drafting paper at actual"
Printing,interview-029,3796,"ack… so that, you know, came from, Printing, right? Offset printing with "
Probably,salon-097,4596, But in some cases I I think about Probably some kind of higher mathemati
Process,salon-092,384,"d I was interested in how it would Process guys, how it would process th"
Processes,interview-029,234," simulated, as you mentioned, with Processes, that are extremely contempor"
Project,salon-102,6550,"e really hard-pressed to think of, Project that wasn't based on chance, "
Projection,salon-096,190,interlocking sculptures along with Projection mapped base relief that was l
Putting,salon-104,3854,those students had any interest in Putting their work into a gallery set
Quality,salon-090,160,ou know. That's this idea that the Quality of the material of paint can 
Quick,salon-085,2,"k, and it's Evolved into a kind of Quick group, support group, hand ho"
Ran,salon-032,4038,"rk from Iran actually. Her name is Ran, the artist's name. It's thre"
Rather,roundtable-006,3047,"f, like, that whole end part about Rather than impressions of the outsi"
Reaction,salon-105,1887,"have a preference for what type of Reaction, you're inspiring people, whe"
Reception,salon-082,4985,"Well, we'll have a Reception on some date somewhere in the"
Relationship,salon-090,160,"ittle bit past, and looking at the Relationship of of culture, the advent of "
Repeat,salon-087,7398,"tion of it and its expression, and Repeat your wife."
Respect,salon-095,0," that you can share, work with and Respect the feedback that you get fro"
Role,salon-082,1997,ences and people's reactions to my Role in society. I guess you could
Running,salon-084,4636,ing that's free cause it has to be Running on a server somewhere. You kn
Save,salon-077,10439,"So when you so do the Save, and publish. The next box wi"
Scale,salon-094,4137,"You have to scale it and Scale it somehow, for the you know,"
Scientists,salon-102,177,"ng, their methods of engaging with Scientists, the tech they employ, and wh"
Selling,salon-089,1696,"g the catalog editors. Writers are Selling the show off the catalog, and"
Send,salon-081,4951,"ust upload our artworks, or we can Send at the same time send a link "
Sense,salon-102,4920,"So, and I appreciate your, Sense of ethics, also, Janet, in te"
Session,salon-106,-3,"eing recorded. So… Welcome to our, Session 106, focusing on France. Is e"
Setting,salon-109,3543,"I'm creating, you know, started a, Setting up a new studio space here in"
She,presentation-004,2924,n Roz who's on here as well is and She spoke in our earlier session 
Short,salon-083,1140,"idea. It's entitled Colabo. As, in Short, for collaboration, there's k"
Should,salon-077,8807,"and then afterwards publishing, or Should they be done at the same time"
Show,salon-081,4731,Most important thing is to Show them the artwork and get them
Showing,salon-101,1388,"human beings, but the universe and Showing our humanity by looking at th"
Single,salon-079,1601,ying to present more than just the Single frame and single lenticular p
Slides,salon-089,286,"rtant stuff at the bottom of their Slides when they're sharing, so you'"
Snapshot,salon-085,2142,"e broad river bridge, and I took a Snapshot out of my passenger Window. A"
Social,salon-096,4,"artist, we have put links to their Social media and to their website on"
Software,presentation-005,1285, iPhone and iPad. And this list of Software I call attention to Snapseed 
Solo,salon-035,84,ear. I was primarily focused on my Solo show that was in September an
Somewhere,salon-016,1338, but always was doing painting and Somewhere back in the 80s early 90s a f
Sorry,salon-089,497,"not used in the final, and this is Sorry 2 ships with a shape and a si"
Standing,salon-100,1643,"Kodorov Saleh, used by artists, is Standing in front of his painting in t"
Start,salon-108,2524,"ng about the catalog, it's nice to Start with the cover, and hold on j"
Started,salon-077,4171, a whole pottery industry that was Started by slave owners. And these an
Strokes,salon-084,1077,"the great variety and the types of Strokes. For example, the bottom left"
Students,salon-094,1174,our goal is to provide a forum for Students and faculties and cultural pr
Stuff,salon-077,8437,han we've talked about keeping the Stuff outside similar with the kind
Such,salon-080,1733,"ching you know, creating money and Such from their work, and and and "
Take,interview-028,2026, that it could actually be used to Take one's own work and create new
Taken,salon-085,2142,al sense. When traveling they were Taken. The photos were taken severa
Taking,interview-027,1770,tand it. And Now it's. A lot about Taking an image and setting it up an
Talked,roundtable-005,578,", we just kind of got together and Talked about what we were doing. And"
Texture,salon-078,2829,ally appreciate text as pattern or Texture. But for me I felt that the t
Textures,salon-081,360,ems and bring in all these kind of Textures.
Then,salon-016,1338, softer a dream dreamscape sort of Then I began to learn more about M
Theory,salon-097,150,"me deeply, especially the focus on Theory, scholar transcendence, spiri"
There,salon-033,1865,nd people who have like agents and There. I've heard some some stories
They've,salon-102,1455,"titution Archives, which has been, They've been digitizing for a very lo"
Throw,salon-093,2,"useum. So with that, I am going to Throw the microphone over to Benton"
Tied,interview-028,3135,nology feels like it's all kind of Tied up with excitement and forwar
Today's,salon-089,0,"ay is Thursday, December 5, th and Today's salon is going to be presente"
Too,salon-081,3178,he people at the venue felt it was Too long and required too much ex
Tools,salon-099,1108,", put, got some information about, Tools that we can use to keep ourse"
Towards,salon-102,2740,"aluate preconceptions that we have Towards the natural world, the more t"
Traditional,salon-102,4045,ar. And because we couldn't do the Traditional thing. We were funded for a y
Try,salon-038,91,d there we go. See if we can get a Try to get a strategy one more ti
Uh,salon-060,1737,I'm super interested I'll go to my Uh desktop and and open it in in
Up,salon-101,2667,"es on, I can critique some of the, Up and downsides of using things"
Used,salon-103,1950,ke a theatrical space that I could Used to make my characters come al
Want,salon-110,2,"with captioning, so if you want to Want to… Access that, you would cl"
We'll,salon-031,2,s kind of regular thing. So in the We'll wait. Moments here she back. 
We've,salon-106,180,"'re presenting. So we're going to, We've gone backwards somehow."
Weird,salon-046,29,"So that's kind of it. So in Weird, what we're doing is like, OK"
Were,interview-027,1628,"the these imaginary scenarios were Were executed, you know, for bette"
While,salon-074,1432,l elements to it once I was in the While I was working in the session.
Within,salon-089,4011,"offer this technology within their Within their pages. I mean, I can al"
Would,salon-077,9684, structure that you currently have Would be
Wouldn't,interview-027,2004,initely something that wouldn't be Wouldn't be possible without something
Writing,salon-078,3492,"nd it's kind of got a a quality of Writing to it, even though there are "
