tier,heard as,probably,times,recordings,where,example recording,example time (s),example
A,nina sobel,Nina Sobell,18,13,"interview-021, interview-026, interview-029, roundtable-001, salon-042, salon-043",salon-042,3658,"ederick Pons, Diana Diavola, Lee Day, Susan Wong, Nina Sobel, Dana Jones, N3T4, Sanjin Lee, Cynthia DiDonato, Reese Schroeder, Sarah Song, a"
A,nina sobel,nina sobell,18,13,"interview-021, interview-026, interview-029, roundtable-001, salon-042, salon-043",salon-042,3658,"ederick Pons, Diana Diavola, Lee Day, Susan Wong, Nina Sobel, Dana Jones, N3T4, Sanjin Lee, Cynthia DiDonato, Reese Schroeder, Sarah Song, a"
A,dan weldon,Dan Welden,8,2,"salon-042, salon-044",salon-042,6469,ied up with it. Solar plate printing pioneered by Dan Weldon at Hampton Editions is an environmentally friendly technology that uses UV ligh
A,michael reese,Michael Rees,6,3,"interview-011, salon-012, salon-045",salon-012,0,"two people. I know Michael Rees is in the lineup. Michael Reese, yeah.  And... Carter. Carter. Sorry. Okay. So, Carter, Michael Reese, Micha"
A,michael reese's,Michael Rees,5,4,"salon-042, salon-043, salon-045, salon-049",salon-042,1289,"e back. And then we're going to go around, first, Michael Reese's sculptors here, these inflatable sculptors. And then we're going to go bac"
A,joseph necvatal,Joseph Nechvatal,4,3,"interview-004, salon-008, salon-071",salon-008,2335,"you know, a pioneer in this area. And his name is Joseph Necvatal.  And he, I lived kind of not too far from him in the Lower East Side in N"
A,helen harrison's,Helen A. Harrison,3,3,"salon-016, salon-025, salon-045",salon-016,3461,"h. I mean, really, it was like to a large degree, Helen Harrison's support of this idea really early on, like even like 10 years ago when it"
A,renata januszewska,Renata Janiszewska,3,2,"salon-043, salon-091",salon-043,3215," muted, Renata. Hello. Thank you, Roz. My name is Renata Januszewska. And I'm really pleased to have been invited to this panel. I'm so hono"
A,renata januszewska,renata Janiszewska,3,2,"salon-043, salon-091",salon-043,3215," muted, Renata. Hello. Thank you, Roz. My name is Renata Januszewska. And I'm really pleased to have been invited to this panel. I'm so hono"
A,randy matyshevitz,Randi Matushevitz,2,1,interview-018,interview-018,0,her work after this interview. A few things about Randy Matyshevitz here. Randy Matyshevitz is an American multidisciplinary artist based in
A,sherry carver,Sherry Karver,1,1,salon-010,salon-010,2545,you're muted? There you go. All right yep. Hi I'm Sherry Carver I am in Oakland California but born and raised in Chicago so I'm sure you'll
A,sahar musavi,Sahar Moussavi,1,1,salon-072,salon-072,149,"we are going to talk about environment today. I'm Sahar Musavi. I'm Zooming from Iran. I'm right now in Tehran.  Ah, I want to talk about na"
B,prince magnolia,Prïnce Magnølïa,3,1,salon-035,salon-035,84,"All right. Well, I guess we can move on to ST and Prince Magnolia.  I don't know if you guys both want to go on together or whatever you wan"
B,open brush,Pen and Brush,3,1,presentation-008,presentation-008,183,deling in the past I've also used Virtual Reality Open Brush formerly called Tiltbrush for VR painting and Gravity Sketch as a VR modeling t
B,vernetta lights,Verneda Lights,2,2,"salon-012, salon-043",salon-012,1560,"unded in plastic for protection? I think that was Vernetta. Lights, right? And so the real world correlate. Can you be a little. Can you ela"
B,helen harris,Helen A. Harrison,2,2,"salon-013, salon-050",salon-013,2595,"eely as surrealism or expressionism or, you know, Helen Harris from the Pollock House did a really good job of sort of framing it in the rec"
B,tommy mintz's,Tommy Mintz,2,2,"salon-017, salon-084",salon-017,210,"l about the value of this is recently, like I saw Tommy Mintz's work that he showed with his photography and what he created being able to s"
B,carol ramon,Caro Ramonde,2,1,salon-026,salon-026,3150," collaboration between Michael Pointer again, and Carol Ramon. Or Ramon D Ramon. Ramon. Ramon. See, that's actually fairly close to my middl"
B,steve miller's,Steve Miller,2,2,"salon-029, salon-039",salon-029,183,"spressionism.Com launched from the front porch of Steve Miller's studio in Sagaponik, New York. Shortly thereafter I presented the idea to H"
B,joseph necvital,Joseph Nechvatal,2,2,"interview-011, salon-036",salon-036,1534,"t been that familiar with it. There is an artist, Joseph Necvital, who's sort of he hasn't been to a salon, but he was one of the people tha"
B,michael price's,Michael Pierre Price,2,2,"salon-042, salon-055",salon-042,1289,"nd if you do end up picking up that postcard with Michael Price's work, it actually has an AR component. So if you look at the postcard's co"
B,michael price's,Michael Price,2,2,"salon-042, salon-055",salon-042,1289,"nd if you do end up picking up that postcard with Michael Price's work, it actually has an AR component. So if you look at the postcard's co"
B,hayide jamshidai,Hayede Jamshidi,2,1,salon-042,salon-042,2378,"o see you. You're welcome. And the next three are Hayide Jamshidai.  I hope I'm saying the name correctly. James, can you get on over here s"
B,frederick pons,Frédéric Pons,2,2,"salon-042, salon-051",salon-042,3658,"z, Janice Randenburg-Lee, TinTan23x, Jan Swinbur, Frederick Pons, Diana Diavola, Lee Day, Susan Wong, Nina Sobel, Dana Jones, N3T4, Sanjin L"
B,frederick pons,Frederic Pons,2,2,"salon-042, salon-051",salon-042,3658,"z, Janice Randenburg-Lee, TinTan23x, Jan Swinbur, Frederick Pons, Diana Diavola, Lee Day, Susan Wong, Nina Sobel, Dana Jones, N3T4, Sanjin L"
B,tommy mints,Tommy Mintz,2,2,"salon-051, salon-083",salon-051,364,"oing that to myself. I was looking for titles and Tommy Mints and Colin came up with the two that are listed below. Thank you.  Again, in mi"
B,beth giacomo,Beth Giacummo,2,1,salon-075,salon-075,1198,or her on Instagram and Facebook as well. Is that Beth Giacomo that's still the point person there? So she's a really good person also just 
B,sue byers,Sue Beyer,2,1,salon-086,salon-086,1770,"wall we have Rollemann Kolonowski's scans next to Sue Byers. I'm sorry, I'm tilting a lot here. Sue Byers installation that includes a fun l"
B,cynthia ruben,Cynthia B Rubin,2,2,"interview-003, salon-095",salon-095,0,"the name picture element with a square in it, and Cynthia Ruben was in the group, and some other artists was about 8 of us, I guess, and we "
B,cynthia ruben,Cynthia Beth Rubin,2,2,"interview-003, salon-095",salon-095,0,"the name picture element with a square in it, and Cynthia Ruben was in the group, and some other artists was about 8 of us, I guess, and we "
B,cynthia ruben,Cynthia Rubin,2,2,"interview-003, salon-095",salon-095,0,"the name picture element with a square in it, and Cynthia Ruben was in the group, and some other artists was about 8 of us, I guess, and we "
B,michael boras,Michael Borras,2,1,salon-106,salon-106,3754," I'd love it if some of you, and maybe especially Michael, Boras, the spiritual aspects of, There's so many interesting things about AI. I m"
B,clive hold,Clive Holden,1,1,salon-014,salon-014,2524,m so we have Andrea Bonaceto bonachetto and um uh clive hold yeah yeah yeah so um it should be a good lineup andrea actually if you guys had
B,patrick lichty's,Patrick Lichty,1,1,salon-017,salon-017,210," to fractal mathematics. And, and I don't know if Patrick Lichty's here today, or not, but he was doing some plotter drawings a few weeks ag"
B,patrick lichty's,patrick lichty,1,1,salon-017,salon-017,210," to fractal mathematics. And, and I don't know if Patrick Lichty's here today, or not, but he was doing some plotter drawings a few weeks ag"
B,mark peclavanos,Mark Pechlivanos,1,1,salon-018,salon-018,0,"0. The first artist that we added was a guy named Mark Peclavanos, who's out in, you know, Ohio. And as of today, we have 244 artists in our"
B,lee musgrove,Lee Musgrave,1,1,salon-018,salon-018,2965,terested in presenting or oh we we do have uh lee lee musgrove wanted to present also next time so yeah he he made sure to let me know befor
B,caro raimondi,Caro Ramonde,1,1,salon-025,salon-025,3294,ring and then Michael Pointer is also paired with Caro Raimondi so there's six pairs all together and each pairing produced you know a numbe
B,michael pricey,Michael Pierre Price,1,1,salon-028,salon-028,1995,"now, that have run online that I've added. I know Michael pricey had your online show and that mentioned expressionism. There were. A lot of"
B,michael pricey,Michael Price,1,1,salon-028,salon-028,1995,"now, that have run online that I've added. I know Michael pricey had your online show and that mentioned expressionism. There were. A lot of"
B,alan kennard,Alan Kinnard,1,1,salon-029,salon-029,5902,"forgot that we had two. So, sorry. All right. So, Alan Kennard. All right, Alan, you with us? I'm here. Thanks, Davo. All right. All right. "
B,roman virosko,Roman Verostko,1,1,salon-037,salon-037,1868,ng up here in Minnesota. And I met this guy named Roman Virosko. Who's part of this group called the Algaris. Who has kind of adopted me in 
B,anne spaulder,Anne Morgan Spalter,1,1,salon-037,salon-037,1868,"m, ignore that. I work a lot with a platform that Anne Spaulder and Carl Aganis introduced me to, and I'd already heard about a little bit t"
B,anne spaulder,Anne Spalter,1,1,salon-037,salon-037,1868,"m, ignore that. I work a lot with a platform that Anne Spaulder and Carl Aganis introduced me to, and I'd already heard about a little bit t"
B,carl aganis,Carla Gannis,1,1,salon-037,salon-037,1868,"work a lot with a platform that Anne Spaulder and Carl Aganis introduced me to, and I'd already heard about a little bit through some papers"
B,gregory i'll,Greggory Hill,1,1,salon-039,salon-039,5050,t's a whole yeah yeah yeah but yeah um so we have gregory I'll send you an email is that the best way to do it okay there's actually on the 
B,andy thomas's,Andy Thomas,1,1,salon-040,salon-040,5047,"nd the Russian artist, Mounth, and this is one of Andy Thomas's NFTs at the top, there's Nagin's piece, which was selected by the Arts Cente"
B,brandon gillis,Brandon S Gellis,1,1,salon-042,salon-042,922,Great. Brandon Gillis is right beneath Davos Peace. And it's titled 182 Interacting Squares for A
B,brandon gillis,Brandon Gellis,1,1,salon-042,salon-042,922,Great. Brandon Gillis is right beneath Davos Peace. And it's titled 182 Interacting Squares for A
B,tor borwell,Tor Burwell,1,1,salon-042,salon-042,1105,e. So it's really cool.  Great. The next piece is Tor Borwell. It's titled Flunky Flux. It's a video. United States 2022. And I don't believ
B,tikowai kuitenbrauer,Tikoi Kuitenbrouwer,1,1,salon-042,salon-042,2560,"sorry, I may not say the name correctly. Tikwa or Tikowai Kuitenbrauer. Sticks and Bones Digital Monoprint on Aluminum. The Netherlands. Yes"
B,guillermo arias-mondi,Guillermo Arismendi,1,1,salon-042,salon-042,2933,ou. Thank you.  And below that we have Guillermo. Guillermo Arias-Mondi from the Canary Islands. The title is 100921. It's a digital monopri
B,philippe ormiere,Philippe Ormières,1,1,salon-042,salon-042,3296,ted in looking at what he has online. The next is Philippe Ormiere. His piece is called Ceté Couché de Soleil Magique. Digital monoprint on 
B,jan swinbur,Jan Swinburne,1,1,salon-042,salon-042,3658,"y Musischewitz, Janice Randenburg-Lee, TinTan23x, Jan Swinbur, Frederick Pons, Diana Diavola, Lee Day, Susan Wong, Nina Sobel, Dana Jones, N"
B,mary buchever,Mary Boochever,1,1,salon-042,salon-042,7019," back wall here, but very visible from the front. Mary Buchever, treatments one through, I believe, 11.  Paper Inc. US 2003. Mary, are you w"
B,john zeman,John Zieman,1,1,salon-044,salon-044,3505," expensive sport doing that too. So yeah, hi, I'm John Zeman, New York City, starting in 1980 and Hampton since 1990.  At first it was just "
B,nagin etesabian,Negin Ehtesabian,1,1,salon-046,salon-046,382,"st. Of course, my wife and partner in all things, Nagin Etesabian. And who actually has really been super throughout this entire process.  R"
B,irshad fatahian,Ershad Fatahian,1,1,salon-046,salon-046,4216,"nd then actually for one of our pieces, we've got Irshad Fatahian, so kill so you don't get killed. This is actually also an NFT, where you "
B,michael's piece,Michael Pierre Price,1,1,salon-049,salon-049,437," Yeah, yeah. But the thing is, is that Michael's, Michael's piece, you know, has the AR component, you know, in other words, there's a physi"
B,michael's piece,Michael Price,1,1,salon-049,salon-049,437," Yeah, yeah. But the thing is, is that Michael's, Michael's piece, you know, has the AR component, you know, in other words, there's a physi"
B,tikoi keitenbroer,Tikoi Kuitenbrouwer,1,1,salon-053,salon-053,185,rtist is coming to us from the Netherlands. He is Tikoi Keitenbroer. Thank you very much. Thank you very much for staying up late to be with
B,lee schneiber,Lee Schnaiberg,1,1,salon-061,salon-061,414," who also work with sort of, you know, the I know Lee Schneiber calls it like rogue, rogue pano, like kind of using pano shooting and stitch"
B,lee schneiber,lee schnaiberg,1,1,salon-061,salon-061,414," who also work with sort of, you know, the I know Lee Schneiber calls it like rogue, rogue pano, like kind of using pano shooting and stitch"
B,robert trips,Robert A. Ripps,1,1,salon-065,salon-065,2707,"d the people on social media. I think his name is Robert trips.  And he always ends his comments with, you know, peace in Ukraine. Or he men"
B,lee schneiberg's,Lee Schnaiberg,1,1,salon-073,salon-073,33," left. Also, today we're going to experiment with Lee Schneiberg's suggestion that at the end of each presentation, you can unmute. And for "
B,lee schneiberg's,lee schnaiberg,1,1,salon-073,salon-073,33," left. Also, today we're going to experiment with Lee Schneiberg's suggestion that at the end of each presentation, you can unmute. And for "
B,frank chillette,Frank Gillette,1,1,salon-077,salon-077,1762,"ineties. Her husband is also very storied artist, Frank Chillette, who worked with Martian clue, and is one of the people that you'll read a"
B,cynthia didinato,Cynthia DiDonato,1,1,salon-078,salon-078,4158,Cynthia. Didinato.
B,joseph necbatal,Joseph Nechvatal,1,1,salon-086,salon-086,1770," Thank you. It's been a long day already. We have Joseph Necbatal over here. Also, we have this large piece by Clive Holden splitting this l"
B,anne shapiro,Ann Shapiro,1,1,salon-086,salon-086,5963," September 16th at 2, there's an artist talk with Anne Shapiro on environmentalism and digital art, which hopefully we can webcast or Zoomca"
B,adrian wartzel,Adrianne Wortzel,1,1,salon-087,salon-087,1353,"And so on.  Cari ann shim sham**: Night swatch by Adrian Wartzel. Cari ann shim sham**: Yeah, Adrian is on the zoom. I'm not sure if going t"
B,annette wingtrub,Annette Weintraub,1,1,salon-087,salon-087,1353," Ghosted artifacts, zigzags, twists, and turns by Annette Wingtrub.  Cari ann shim sham**: Him.  Cari ann shim sham**: melted architecture. "
B,karen lefleur,Karen LaFleur,1,1,salon-087,salon-087,2802,"vement in there happening.  Cari ann shim sham**: Karen, Lefleur, Fanwaves."
B,davante bradley's,Davonte Bradley,1,1,salon-088,salon-088,196,"t space was born out of collaboration with artist Davante. Bradley's curated show, titled Expressionist collab. 2 Collaborative art space st"
B,anayas chaturvedi,Anya Chaturvedi,1,1,salon-088,salon-088,1163,"group. The next group who are presenting today is Anayas Chaturvedi, and Drew Gurg."
B,adrita purkite,Adrita Purkait,1,1,salon-088,salon-088,1771,So our next Group who is presenting is Adrita Purkite and Aisha Malu.  Are you there?
B,renata yanaszewska,Renata Janiszewska,1,1,salon-088,salon-088,4715,"ideas for that. The December salon is going to be Renata, Yanaszewska, and Karen LaFleur introducing Mariniana, which is their exhibition at"
B,renata yanaszewska,renata Janiszewska,1,1,salon-088,salon-088,4715,"ideas for that. The December salon is going to be Renata, Yanaszewska, and Karen LaFleur introducing Mariniana, which is their exhibition at"
B,cynthia adidonado,Cynthia DiDonato,1,1,salon-089,salon-089,1696,n these tube worms live around these ocean fence. Cynthia Adidonado can tell you more about that because her project was on Events and the t
B,cynthia diadonado,Cynthia DiDonato,1,1,salon-089,salon-089,1696," Art. He highlights the entire program along with Cynthia Diadonado and Cynthia Beth Rubin, who are both Techspressionist artists and are al"
B,darcy gerbark,Darcy Gerbarg,1,1,salon-091,salon-091,2231,ortant book. Digital Visions.  There's a piece by Darcy Gerbark. This tile piece. This further affirmation that the M.C. Escher tessellation
B,renata yanniszewska,Renata Janiszewska,1,1,salon-093,salon-093,2017,"er on.  Okay, that's the whole thing.  Hello! I'm Renata Yanniszewska, and I'm very happy to be here. Thank you, Benton, and thank you to th"
B,renata yanniszewska,renata Janiszewska,1,1,salon-093,salon-093,2017,"er on.  Okay, that's the whole thing.  Hello! I'm Renata Yanniszewska, and I'm very happy to be here. Thank you, Benton, and thank you to th"
B,andrea bonacheta,Andrea Bonaceto,1,1,salon-095,salon-095,1505,"t through. One of the artists came into the group Andrea Bonacheta, who he created an nft with Sophia, which was a robot. Handsome labs, I t"
B,angela ferrariolo,Angela Ferraiolo,1,1,salon-104,salon-104,4,"ths at the University of London. Our third guest, Angela Ferrariolo, is a systems artist focused on open-endedness, self-organization, morph"
B,tasneem bashir,Tassneen Bashir,1,1,salon-105,salon-105,1321,"to order about 7 minutes. You chose this destiny? Tasneem Bashir is a game designer, educator, and visual artist that is dedicated to creati"
B,susan detroy's,Susan Detroy,1,1,salon-108,salon-108,1608,"d Renata Yanoshevska, and this is a photo showing Susan Detroy's video artwork. And here's a photo of Renata's video art. Looks wonderful. T"
B,randy matashevitz,Randi Matushevitz,1,1,salon-108,salon-108,1608,other monitor on the right is Audrey Phillips and Randy Matashevitz. And again photos for each Cynthia Beth Rubin work. Michael Woodruff. Ma
B,jackie morey,Jacki Morie,1,1,salon-108,salon-108,3577,"I just wanted to add quickly. I think Jackie Morey is on this call, but I can't see who's here. So Jackie, who's one of the part"
B,and young,Andy Young,1,1,interview-019,interview-019,1113,"y men that are recognized talent Andy Young women and young men and who teach teachers, you know I review teachers. I love the. Yes. I love "
B,joseph nechvatall,Joseph Nechvatal,1,1,interview-029,interview-029,2777,"Where I met Patrick, and it was actually Joseph Nechvatall that recommended that place to me, because he said, you know, I have thi"
B,ann spalter,Anne Morgan Spalter,1,1,roundtable-001,roundtable-001,186,"counterpart to the surrealist salons of the past. Ann Spalter, artist and author of Computer and the Visual Arts, published by Addison Wesle"
B,ann spalter,Anne Spalter,1,1,roundtable-001,roundtable-001,186,"counterpart to the surrealist salons of the past. Ann Spalter, artist and author of Computer and the Visual Arts, published by Addison Wesle"
B,joseph necfatal,Joseph Nechvatal,1,1,roundtable-001,roundtable-001,186,"off, Paul D. Miller, aka DJ Spooky, Steve Miller, Joseph Necfatal, Michael Rees, Christine Schooley, Nina Sobel, Anne Spalter, and Nina Yank"
B,randy matsuchevitz,Randi Matsushevitz,1,1,roundtable-006,roundtable-006,3770,"th Rubin has put together the show in Uzbekistan, Randy Matsuchevitz has organized Techspressionism LA, which I think there's gonna be multi"
B,shiran tashova,Shirin Tashova,1,1,presentation-003,presentation-003,2734,"hi. And also again thank Shirin Tashova, director Shiran Tashova who got us all together and got us to Uzbekistan and and had the wonderful "
B,negin ehtrsabian,Negin Ehtesabian,1,1,presentation-007,presentation-007,220,"at at neginete_art.  That's us Patrick Lichty and Negin Ehtrsabian. I'm at patlichty.Com and she's at neginete.Com we are from Winona, Minne"
