word,count,examples
bye,9,corpus/interview-009.md: ...36s)  Absolutely. Thank you. Bye. Okay. Bye bye. ... | corpus/salon-024.md: ...re my feedback please send my emails ok bye bye will ask me how you reach to this parti...
changes,8,corpus/salon-041.md: ...Climate changes Climate changes Climate changes Changes in the weather Changes Changes Climate ... | corpus/salon-041.md: ... Climate changes Changes in the weather Changes Changes Climate Changes Climate Changes Clim-.....
each,7,corpus/interview-006.md: ...s is how I how I do this in other words each each of each of my executions you know of ma... | corpus/salon-011.md: ... going to be smoother and more seamless each each go around because training wheels kind ...
sure,7,corpus/interview-018.md: ...op a few more questions and we're gonna sure sure just ask them I'll talk about the colle... | corpus/salon-015.md: ...ting that on a permanent substrate yeah sure sure sure sure sure now speaking of patrick ...
great,7,corpus/interview-021.md: ... right victor until next time yeah it's great great to see you colin likewise ... | corpus/salon-014.md: ...o participate so yeah I'm keeping track great great that sounds good yeah I don't think any...
another,7,corpus/presentation-009.md: ...ounder of the tech expression group was another another MFA computer arts student in that progr... | corpus/salon-024.md: ...ovement to include little piece areas?  Another another aspect of this that some of the older r...
whatever,6,corpus/interview-005.md: ...ng my stylus across the canvas and like whatever whatever develops is going to develop. I was I d... | corpus/interview-013.md: ... I mean it works though it does it does whatever whatever can get you to understand that everythi...
since,6,corpus/interview-005.md: ...whatever tools are around for millennia since since you know start with like rocks rocks we... | corpus/interview-013.md: ...l digital piece and my first real piece since since leaving college and this is more of lik...
through,6,corpus/interview-006.md: ...e patterns of my consciousness you know through through creativity  ## Colin Goldberg [48:02](h... | corpus/salon-046.md: ...looking at the set of works that we had through through an equity lens and the matter is that w...
being,6,corpus/interview-015.md: ...t understand it but there's no sentient being being who wouldn't recognize the quality of s... | corpus/salon-021.md: ... know there's this feeling of maybe not being being seen you know by the what I'd say the l...
people,6,corpus/interview-020.md: ... in exhibitions continuing to meet with people people either one-on-one like on Zoom or going... | corpus/salon-022.md: ...ide note you know to see people younger people people like yourself and Davo who sort of like...
than,6,corpus/interview-028.md: ...ou know it was maybe a little different than than you know. Some of my friends households... | corpus/salon-013.md: ... a door that's going to open a lot more than than than just what we're seeing today.  I m...
see,6,"corpus/interview-028.md: ...sting. Yeah, I could definitely I could see see where you're coming from with that. I n... | corpus/presentation-003.md: ...)  Wonder somewhat how these scientists see see the work that you all have created. I m..."
her,5,"corpus/interview-005.md: ...line dating site you know years ago and her her nephew was like oh when are you gonna m... | corpus/presentation-009.md: ...come more colorful, bright colors, like her her death that this would become a museum a..."
amazing,5,corpus/interview-005.md: ...hell. Yeah. Katsuhiro otomo yeah I mean amazing amazing work and then ghost in the shell the fi... | corpus/interview-022.md: ...the hospital and then I would have this amazing amazing freedom when I came home at the at the ...
using,5,corpus/interview-006.md: ...ve done about three four hundred pieces using using do you  ## Colin Goldberg [43:10](https... | corpus/interview-021.md: ...xample of sort of an expressive drawing using using using using these polyhedral ideas. And...
even,5,"corpus/interview-010.md: ...ement. But it's this idea that there is even even though there's always a digital artifac... | corpus/interview-020.md: ...ery much so. I think the Mediterranean, even even, you know, as you go further north in F..."
into,5,"corpus/interview-027.md: ...ng to you know, really get some insight into into what the work is about, you know, and I... | corpus/salon-012.md: ...what I see as a digital visual language into into painting. Hey Carter, I don't mean to i..."
every,5,corpus/salon-009.md: ...ust designing a multi-level gallery and every every student gets a room that is this big to... | corpus/salon-015.md: ...his one's four hours long again there's every every moment is unique through the whole work...
gotcha,5,"corpus/salon-081.md: ...outube.com/watch?v=VfiH4ayJbGE&t=917s)  Gotcha gotcha! No worries. Could you? Just share a li... | corpus/salon-081.md: ...utube.com/watch?v=VfiH4ayJbGE&t=1020s)  Gotcha gotcha awesome. Well, sounds like a really int..."
three,4,corpus/interview-005.md: ...k it's over there but yeah there's only three three all-male colleges mainstream colleges l... | corpus/interview-022.md: ... of them they ran between 20 inches and three three and a half feet and we sold this all th...
technology,4,"corpus/interview-006.md: ... the other hand is that then how we see technology technology as an as a man as a matter of agent in ... | corpus/interview-006.md: ..., you know, like digital computer-based technology technology start coming into your work as a medium..."
art,4,corpus/interview-006.md: ...efined it best and saying that you know art art that's a pros art that is the result of... | corpus/interview-013.md: ...re my concerns were and I got away from art art like the art for art's sake says this k...
we've,4,"corpus/interview-016.md: ...festivals like Kumbh Mela. In the West, we've we've gone into this industrialized situation... | corpus/salon-045.md: ...)  Yeah. He mentioned you specifically. We've we've exchanged a couple emails, you know, an..."
here,4,corpus/presentation-004.md: ...uld be told to dream fascinated me.  So here here's an example of some of his pseudo code... | corpus/salon-019.md: ...here is a quick oops what did I just do here here's a very quick video of that presupích ...
many,4,"corpus/presentation-008.md: ...es and to be inspired by each other. So many many thanks to all of you, and Cynthia, many... | corpus/salon-035.md: ...useum in Taiwan. So I was able to win a many many bigger war. So I realized that you can ..."
little,4,"corpus/roundtable-002.md: ...  Touch, digit, finger, heart touch. My little little diagram up there. You're starting to to... | corpus/salon-038.md: ...and the and my iPhone sees it. How this little little brain in there sees it in the in the sq..."
white,4,"corpus/roundtable-004.md: ...ull apart, and you've just had two dead white white blood cells at the moment. So I was loo... | corpus/salon-024.md: ...r semi-gloss and then on clear metal or white white I definitely use the white and I like s..."
both,4,corpus/roundtable-004.md: ...ch?v=4HfJCnIp8XE&t=2681s)  I appreciate both both of your perspectives and answers. I kno... | corpus/salon-054.md: ...ing it at the same time is beautiful so both both those mediums as far as being immersive...
after,4,"corpus/salon-008.md: ...as not mixing.  I mean, like converting after after changing the digital effect. I'm not co... | corpus/salon-033.md: ...any questions, they'll come back to you after after the other presentations. Maybe they're ..."
actually,4,corpus/salon-010.md: ...s called Thinking Too Much.  This piece actually actually was part of a collaboration that I've b... | corpus/salon-023.md: ... buy a print at least Some artists have actually Actually gotten the habit of actually selling an...
something,4,"corpus/salon-010.md: ... the title or want to participate, what something something to let me know that you want to partici... | corpus/salon-027.md: ...re I need to be like this is a style or something something close to this style is something where ..."
why,4,corpus/salon-014.md: ...u know I think that's also a big reason why why nft people are gravitating towards twit... | corpus/salon-047.md: ...uestion itself in other words it's like why why is I mean we can maybe say that you kno...
wild,4,corpus/salon-014.md: ...like a disclaimer.  Yeah. It's like the Wild Wild West right now. It really is. And I thi... | corpus/salon-034.md: ...nd I said this last year it's still the wild wild west with nfts right now there's just s...
hi,4,corpus/salon-041.md: ....com/watch?v=XUBL7L41hjA&t=4076s)  Okay Hi Hi I'm going to try to Screen share Which ... | corpus/salon-087.md: ...y Malavika Manjulandru is Malavika yeah hi hi thank you Mona for organizing the beaut...
thank,4,"corpus/salon-046.md: ...ly, the one thing that I really want to thank thank everybody for is that I want to thank e... | corpus/salon-077.md: ...com/watch?v=e58ctMQ-ccc&t=2948s)  Well, thank thank you for asking. And this technology is ..."
definitely,3,corpus/interview-002.md: ...Yeah that makes a lot of sense you know definitely definitely so do you have any specific influences ... | corpus/salon-040.md: ....com/watch?v=Z-RFTbQ7GF8&t=3481s)  Yeah definitely definitely techno music is usually what I'm listen...
type,3,"corpus/interview-002.md: ...ge. You know, it's kind of like Pokemon type type collecting, but like evolved into some ... | corpus/salon-039.md: ...ital artist. She does web work and that type type of work, but fine art. And this is an i..."
now,3,"corpus/interview-005.md: ..., oh okay there it is. All right. Okay, now now so my primary stuff so it's going to be... | corpus/salon-015.md: ...cal ones, but also the digital ones. So now now I'm to be honest in a phase where, you ..."
absolutely,3,corpus/interview-005.md: ...y how things change and develop yeah no absolutely absolutely and how you know like I mean anime and ... | corpus/interview-028.md: ...outube.com/watch?v=xkfYnuTP2zA&t=106s)  Absolutely absolutely so. Would you mind telling us a little ...
yep,3,corpus/interview-006.md: ...utube.com/watch?v=a5h-eBQYrks&t=2889s)  Yep yep yep and then the other the other thing ... | corpus/salon-014.md: ...d platforms and verification procedures yep yep yep I agree that a lot of the controver...
might,3,"corpus/interview-010.md: ...d know like, you know, like this person might might be interested or appreciate this and th... | corpus/salon-029.md: ...nd of thinking about where the movement might might be going in the near future. I was just..."
once,3,corpus/interview-011.md: ...e and keeps it keeps it set and it just once once you have the 3d model that 3d model is ... | corpus/salon-008.md: ...tional costs for promotion of the show. Once once there's something finalized for the dat...
most,3,"corpus/interview-011.md: ...2s)  Yeah, this is you know, this is my most most recent body of work. And it is. Wait, s... | corpus/roundtable-001.md: ...is not expressing emotional experience. Most Most artists tend to be deeply involved into..."
go,3,corpus/interview-013.md: ... my mind calls for is what I'm going to go go to create with. So now I work at the Je... | corpus/salon-034.md: ...collector they'd probably be willing to go go that way no infinite objects is like a ...
oh,3,corpus/interview-013.md: ...utube.com/watch?v=w6fW5oWbBdk&t=1480s)  Oh oh yep binge watched it was good and I lov... | corpus/interview-020.md: ... are in the art art substitute pavilion oh oh oh! Neat so except for the man that I j...
pretty,3,corpus/interview-013.md: ...ticularly offensive so this one offends pretty pretty regularly but what I wanted to say some... | corpus/interview-013.md: ...y just traded with colin on which I was pretty pretty excited so I think I might have a bette...
small,3,corpus/interview-019.md: ...Iz5k&t=708s)  Yeah so we used to have a small small room but in we in our college we have a... | corpus/salon-024.md: ...gital collage on that I have used these small small colors these are seven colors actually ...
awesome,3,corpus/interview-021.md: ...e worked at soft image it was really an awesome awesome piece so I met I think I met roz during... | corpus/salon-022.md: ...ou wanted to add or not really you know awesome awesome salon and definitely like you know like...
new,3,"corpus/interview-028.md: ... used to take one's own work and create new new things out of it. I think that's someth... | corpus/interview-028.md: ...You know, it opens the door to creating new new ideas and interesting things. So.  ## S..."
almost,3,corpus/presentation-004.md: ...uldn't make them digital artists. Every almost almost every serious photographer on the plane... | corpus/salon-028.md: ...e first time in a minute that we've had almost almost a full hour left over. So I'm at a bit ...
wilson,3,"corpus/presentation-005.md: ...Visual Expression. My name is Lucy Boyd-Wilson Wilson. I'm an artist, a technologist, and a f... | corpus/salon-081.md: ...ou. Hi, everybody. My name is Lucy Boyd-Wilson Wilson. I'm here in San Diego. I create animat..."
things,3,"corpus/presentation-009.md: ...d of course he did many celebrities and things things that were very popular at the time, lik... | corpus/salon-021.md: ...become so rapid and fluid that you know things things like this community have you know have ..."
renata,3,"corpus/presentation-009.md: ...tch?v=8aQDDA-u0io&t=5129s)  So where is Renata Renata,  ## Colin Goldberg [01:25:31](https://... | corpus/salon-021.md: ...or thank you I just something quick for renata renata I'm bowled over by your work absolutely..."
you've,3,"corpus/roundtable-005.md: ...38s)  Okay, that's interesting. It's so you've you've ended up Turning sound into sculptures.... | corpus/salon-030.md: ...e thank you totally relate yeah because you've you've had to use your own design elements for..."
called,3,"corpus/salon-009.md: ...w with machines and this is not an 2015 called called sensible concepts and this was a piece ... | corpus/salon-009.md: ...his is an ongoing project that I've had called called personal taxonomies, which is currently..."
getting,3,"corpus/salon-010.md: ...atform. I wasn't aware of that, but I'm getting getting a little bit into that. So some there w... | corpus/salon-060.md: ...r that and for myself as far as sort of getting getting used to it I mean it was a bit of a jou..."
put,3,"corpus/salon-011.md: ...pace that is like, you know, I actually put put a feeler out to a coder whose work that... | corpus/salon-067.md: ...citing. Colin Goldberg, M.D.: You know, put put a percentage out there, so I think the ..."
let,3,"corpus/salon-014.md: ...as fee thanks to sue buyer she actually let let let us know about that you know so I ju... | corpus/salon-022.md: ...king games, is there a reason why. You. Let let the characters like walk through the ge..."
digital,3,corpus/salon-014.md: ...it's nothing new it's nothing native to digital digital art you know what I mean it might be th... | corpus/salon-034.md: ...hy my home studio my monitor is set for digital digital prints because exactly of that backlit ...
e,3,"corpus/salon-015.md: ...urface with this thing called transfer. E E Z E, I believe is transfer easy.  And t... | corpus/salon-045.md: ...hich is. Michael Rees dot org Reese's R E E S dot O R G. And tomorrow afternoon at ..."
last,3,"corpus/salon-016.md: ...different. So what happened is, is that last last edition we had we had, you know, we had... | corpus/salon-043.md: ...ject. And the very funny because, like, last last year it was a January he just say oh yo..."
also,3,"corpus/salon-024.md: ...m going to try somehow.  That's, that's also Also, thing we're good at, making suggestion... | corpus/salon-045.md: ...e talk about eat maybe as yeah and then also Also, there were the people in Zagreb, you k..."
always,3,corpus/salon-027.md: ...t my first drawing tablet because I had always always always want to create like actually be ... | corpus/salon-027.md: ...ll be in the same style but it's almost always always always representative of the same idea ...
way,3,"corpus/salon-034.md: ...'s like, OK, maybe it maybe NFTs go the way way of the dodo, like what they just stop b... | corpus/salon-040.md: ...gures leaning into leaning into it in a way way back when and that's it that's all I re..."
ai,3,"corpus/salon-034.md: ...she just found these a very interesting ai ai audio app this actually can you can cre... | corpus/salon-092.md: ...ing, that it's about the ethical use of AI AI, cause it's here. It's here. It's here ..."
up,3,corpus/salon-036.md: ...ght and with that I think dalton you're up up.  ## Dalton Portella [25:34](https://ww... | corpus/salon-058.md: ... Thanks for being here. All right. Next up up Colin. Did you want to wait till like t...
thanks,3,corpus/salon-047.md: ....  Just gives it that quality cool yeah thanks thanks for asking you thanks  ## Michael Pierr... | corpus/salon-076.md: ...s a lot of history behind that yeah now thanks thanks Colin for showing that the next thing t...
image,3,"corpus/salon-067.md: ...n't want to put up just a straight text image image, so I feel like that's some. Renata Kar... | corpus/salon-077.md: ... to the menu on the right, where it has image image image image. And then there's a video o..."
bernada,3,corpus/salon-087.md: ...ight work happening here thank you yeah bernada bernada bernada bernada bernada yes thank you b... | corpus/salon-087.md: ...ing here thank you yeah bernada bernada bernada bernada bernada yes thank you bernada bernada b...
robbins,3,"corpus/salon-092.md: ...rtists presenting today are Ariel Baron-Robbins Robbins System.  Michael Pierre Price and Randi... | corpus/salon-092.md: ...m. And our 1st presenter is Ariel Baron-Robbins Robbins, who is an interdisciplinary artist and..."
clip,3,corpus/salon-100.md: ...t to show you. And it should start now. Clip clip clip clip clip clip Thank you. Thank yo... | corpus/salon-100.md: ...you. And it should start now. Clip clip clip clip clip clip Thank you. Thank you. And gre...
while,2,corpus/interview-005.md: ...so I made a conscious effort I was like while while I'm working on this while I'm doing thi... | corpus/salon-076.md: ...82 okay yeah I was working on C64 games while while at Coleco so yeah nice nice what games ...
running,2,corpus/interview-005.md: ...be.com/watch?v=qE6D2wrr1rU&t=5357s)  Me running running my mouth off as I am want to do these d... | corpus/salon-057.md: ...f clouds and smoke and ashes and people running running and screaming and hollering and knowing...
play,2,"corpus/interview-006.md: ...th the sketch to painting things in the play play form project and you know this is also ... | corpus/salon-078.md: ...jump on the Nfc. Bandwagon, but also to play play with the idea of the written word withi..."
mid,2,corpus/interview-007.md: ...m it was at that time this was like the mid mid 60s probably about 66 or so I was capti... | corpus/salon-024.md: ...lways go for like mid or semi yeah semi mid mid glass semi glass is definitely the way ...
done,2,"corpus/interview-008.md: ...rawn using like a squeeze bottle. I had done done the grid by pencil and then I went over... | corpus/presentation-004.md: ...nting called Sky People, which was also done done in high school. We got our first family..."
tell,2,"corpus/interview-009.md: .... So, you know, maybe if you could just tell tell us a little bit more about that, you kn... | corpus/salon-067.md: ...nd change your prompt a little bit yeah tell tell the machine to say no you didn't get th..."
doobie,2,"corpus/interview-011.md: ... it had all kinds of pieces in it, like Doobie Doobie Doo and Caduceus. And sorry, I forget. ... | corpus/interview-011.md: ... the, the lamp over here. There was the doobie doobie doo back there in the corner. And those..."
young,2,corpus/interview-013.md: ...gram that I started using you know as a young young art wannabe artist wannabe so I want to... | corpus/interview-026.md: ...nt influences she is giving talks about young young art and alchemy and the alchemical imag...
big,2,"corpus/interview-013.md: ...generation right over here nice yeah so big big big fans here too very cool back to art... | corpus/salon-085.md: ...eople. Robert Green, worker associates, big big time players in this show, also working..."
huge,2,"corpus/interview-013.md: ...k that's kind of really that's really a huge huge influence for me kind of pop culture so... | corpus/salon-078.md: ...or the Intro Michael, because this is a huge huge topic. They can go in a million differe..."
never,2,corpus/interview-013.md: ...ter for some reason so my atoms kind of never never were as compelling to me for whatever r... | corpus/interview-018.md: ... moving piece because our artists would never never stop developing digital vegetables only...
six,2,corpus/interview-013.md: ...re of a part of but kovat happened like six six months after we moved into the city or ... | corpus/salon-025.md: ...dy decided they want to pick up so yeah six six four five great project Davo thank you ...
until,2,"corpus/interview-015.md: ...k&t=2703s)  Or it may not be recognized until until someone finds the capsule, you know, ou... | corpus/salon-092.md: ...ah. So now in Moscow. Don't know. Maybe until Until summer or longer. Not sure yet.  ## Col..."
word,2,"corpus/interview-016.md: ...erson that sort of hears this phrase or word word or whatever you want to call it, comes ... | corpus/salon-015.md: ...and say, so what do you think?  But the word word mesmerizing comes up, you know, the ide..."
same,2,"corpus/interview-021.md: ... some kind of like crazy version of it. Same same elements, but just kind of.  ## Colin G... | corpus/salon-014.md: ... the contracts rarible rarible does the same same thing I have two minutes on rareable an..."
non,2,corpus/interview-021.md: ...cause they were bringing in abstraction non non-objective form as they used to say and ... | corpus/salon-084.md: ...sted in it because of the Byzantine and non non Western Kinds of work. And anyway.  I'l...
weather,2,"corpus/interview-027.md: ...th the land, and Cycles and seasons and Weather weather's like really Important. In my cultural... | corpus/salon-041.md: ...g Events That are going on Although our weather Weather pattern here is Still a bit Holding up ..."
building,2,"corpus/interview-027.md: ... of the pandemic we were like building, building building, and then the pandemic hit, and this al... | corpus/salon-094.md: ...art of our collection and we are slowly building building up a really kind of a comprehensive, co..."
verse,2,"corpus/interview-028.md: ... In a digital age.  A co-founder of the verse verse, and a graduate of Harvard and Oxford. ... | corpus/interview-028.md: ...ou? Can you talk a little bit about the verse verse and what that's all about.  ## Sasha St..."
laser,2,"corpus/presentation-006.md: ...a usually handheld device that combines laser laser beams to position models, 3D objects an... | corpus/presentation-006.md: ...ed with the point cloud. So this is the laser laser beam that is produced by the laser. So ..."
pieces,2,"corpus/presentation-009.md: ... something.  So, so there's a series of pieces pieces that I have. Let me see if I can pull u... | corpus/salon-093.md: ...e first slide is a still from one of my pieces pieces of animation for the final work and I m..."
clear,2,corpus/roundtable-004.md: ...ay vanitas changed still life so it was clear clear that technology was going to offer the ... | corpus/salon-090.md: ...on a carpet to photograph I always left clear clear areas in each one of the flexi pieces a...
research,2,"corpus/roundtable-005.md: ...eful, too. This very tight academic. We research research group with like happenings. And I just ... | corpus/salon-078.md: ...an see here that II was basically doing research research within the artwork and the installation..."
looks,2,"corpus/roundtable-005.md: ..., like I can do something with this. It looks Looks like I can play with this. And It's rea... | corpus/salon-016.md: ...lly expand your expression.  It's has a looks looks great. Yeah. It's a lot of potential co..."
beautiful,2,corpus/salon-012.md: ...hen as was being shown.  Earlier with a beautiful beautiful bubble chamber. And I don't know what y... | corpus/salon-108.md: ...you so much for allowing us to use your beautiful Beautiful artwork for.  ## Randi Matushevitz [07:...
experience,2,"corpus/salon-013.md: ...oration but the fact that you have that experience experience and a lot of us have talked about how w... | corpus/salon-032.md: ...s. The essence of it, it really is live experience experience. So, cause when we're creating, the con..."
welcome,2,corpus/salon-014.md: ...atch?v=MZ7JzodmmIA&t=0s)  Fun all right welcome welcome to our what's this 14 13th 14th I think... | corpus/salon-014.md: ...le so stay tuned for that yeah and what welcome welcome and thanks for being here I think I'm g...
tech,2,"corpus/salon-014.md: ...to do that. Like Sherry, I'm pretty low tech tech, so I don't... This was done on word pr... | corpus/salon-070.md: ...r my personal experiences, working with tech tech technologies in the arts. Often.  There..."
next,2,corpus/salon-014.md: ...n you know and be able to chat about it next next time we have I believe it's so we have ... | corpus/salon-094.md: ...reet at the lobby. So I guess maybe the next next thing is the artists in each individual...
making,2,"corpus/salon-015.md: ...the itunes app store a little bit retro making making that work artwork app in a sense but it... | corpus/salon-040.md: ...rom keyboard. In other words, you know, making making work and also a lot of I'm doing a cont..."
wilted,2,"corpus/salon-015.md: ...ow, he's been doing some stuff with the wilted wilted wilted also have a interview coming up ... | corpus/salon-036.md: ...e find what I didn't find. Here are the wilted wilted wilted, this is an example of, I like t..."
camera,2,"corpus/salon-016.md: ...en. Can you see I'm trying to see if my camera camera has my thing. Anyway, but this Kodak Lu... | corpus/salon-058.md: ... to exploring the Kinect device. It's a camera camera device this is a Kinect. It's a has a R..."
form,2,"corpus/salon-020.md: ... or, you know, it's an, a known unknown form form idiom. It has its own history. A lot of... | corpus/salon-045.md: ...ally how technology is the. The way we. Form form our understanding our conceptualization..."
good,2,"corpus/salon-024.md: ...sh on so I'm like oh oh there's a flash good good morning, you know, and, but I haven't f... | corpus/salon-078.md: ...and English and that group. So that's a good good reminder. She's going through what she ..."
bit,2,corpus/salon-024.md: ... who came to the show with me who was a bit bit of a mucky muck and she was like do you... | corpus/salon-078.md: ...en't done it yet. I think it's a little bit bit of a bigger grab than the Latin languag...
early,2,corpus/salon-025.md: ...aking collages on color xeroxes this is early early 90s and at the time I was oh I was real... | corpus/salon-040.md: ...in there as far as I was concerned like early early 2000s trip trance yeah  ## Colin Goldbe...
global,2,"corpus/salon-029.md: ... involved with now still currently on a global global warming. So I've been working with the ... | corpus/salon-105.md: ...ore people.  And, I wanted to make it a global global… and I still do, and it started in 2000..."
sculpture,2,corpus/salon-030.md: ...uced to the max. It's like I'm making a sculpture sculpture. And then. I'm putting it inside a nice... | corpus/salon-062.md: ...own feeling is a photograph to a wooden sculpture sculpture is transformation of that image. You kn...
sometimes,2,"corpus/salon-031.md: ...t is also a thing that does happen here sometimes sometimes the Wi Fi does not behave and technical... | corpus/salon-057.md: ..., and I have a very rich dream life and sometimes sometimes numeric, but I always try to filter it ..."
totally,2,"corpus/salon-031.md: ...rning I hope that answers your question totally totally absolutely thank you so much oh we have... | corpus/salon-077.md: ...-ccc&t=3147s)  Wow, Suzanne, brilliant, totally totally awesome presentation. I'm fascinated wi..."
wow,2,corpus/salon-031.md: ...want to do some art event and I said oh wow wow that's good so I don't really just ask ... | corpus/salon-041.md: ...hanged directions and everybody's going wow wow that's interesting yeah  ## Ann Shapiro...
video,2,corpus/salon-032.md: ...lly there with these combining the live video video.  These figures. And right now I'm focu... | corpus/salon-062.md: ...here you go. Do I do optimize video for video video clip as well no I would skip that one o...
someone,2,"corpus/salon-032.md: ..., I can't tell. I'm sorry. Tell us Pure someone someone's asking for pure data software. Raise ... | corpus/salon-034.md: ...w you to be able to book a meeting with someone someone like a celebrity and that's cooked into..."
time,2,corpus/salon-033.md: ...ing is ready so it's time to let go and time time to kind of you know be present so this ... | corpus/salon-047.md: ...fascinating too well I'm looking at the time time here and it looks like we're getting cl...
concept,2,corpus/salon-033.md: ...t. So I have my processes all about the concept concept and then bringing everything together. ... | corpus/salon-068.md: ... much of what we take today as like the concept concept of zero came from elsewhere.  And in th...
keep,2,"corpus/salon-033.md: ...ame time yeah that's yeah you'd have to keep keep flipping between built-in and headphone... | corpus/salon-054.md: ...NFt4AfP-aRA&t=3716s)  Yes, I'm going to keep keep on playing. See what happens.  ## Davon..."
take,2,"corpus/salon-034.md: .... Established with NFTs.  Like, I mean, take take take what we've done with barcodes. Bar... | corpus/salon-052.md: ...re dealing with all kinds of ideas that take Take time. And that you have to build upon i..."
interesting,2,corpus/salon-034.md: ... fluctuates so it's yeah well that's an interesting interesting property of nfts is the authentication ... | corpus/salon-051.md: ...watch?v=xTm1wXYzdCI&t=5527s)  That's an interesting interesting element but no oh but cynthia I saw you...
anybody,2,corpus/salon-037.md: ... some of my nft screens experience does anybody anybody interested sure sure sure yeah I went q... | corpus/salon-054.md: ...I wanted to let me see another hands up anybody anybody at all or I could start picking people ...
used,2,"corpus/salon-037.md: ... that, you know, Chuck Close and I both used used that and there are a couple other ones ... | corpus/salon-097.md: ... you have you looked at the artists who used used you know painting in their you know in ..."
human,2,"corpus/salon-038.md: ...ory of the wires and the fact that this human human energy starts inside the body with this... | corpus/salon-054.md: ...rs there. But here where, you know, the human human element is so high. You're there togeth..."
unless,2,"corpus/salon-038.md: ... come off mute? I know you have a voice unless unless you're voice shy these days.  Hi. Hi. I... | corpus/salon-040.md: ...mmodate this, the one thing is, is that unless unless you're talking about like Cynthia wanti..."
before,2,corpus/salon-041.md: ...t would deal with the hurricane katrina before before I was where I pasted stuff onto the can... | corpus/salon-076.md: ...e next thing that we were talking about before before the salon started was we were mentionin...
make,2,"corpus/salon-043.md: ...ppened that women in attack. He even he make make fun of me that in front of a lot of inv... | corpus/salon-081.md: ...ally Push and ecow, and. You know. Just make make something that I'm sort of happy with. ..."
throughout,2,"corpus/salon-046.md: ...lly they're doing projections and sound throughout throughout the space. So we're dedicating entire r... | corpus/salon-079.md: ...e, the actual neighborhoods throughout. Throughout throughout Tokyo. So again, it's sort of the large..."
everything,2,"corpus/salon-046.md: ...mazing amazing help in this project and everything everything else doesn't need to be said so thank y... | corpus/salon-091.md: ...free. We're an artist run organization, everything everything that happens here is volunteer based. S..."
it'll,2,"corpus/salon-046.md: ...ith, you know, the publication. I think it'll it'll be a nice, you know, note to posterity ... | corpus/salon-077.md: ...l know that you're on the wall, because it'll it'll tell you. It's you know it's the wall, ..."
still,2,corpus/salon-047.md: ...nsory understanding of our bodies we're still still playing what are we doing right now whe... | corpus/salon-087.md: ...'t know how to do it he said no you can still still participate so I'm delighted to so I ke...
blah,2,"corpus/salon-049.md: ...re during this show across Long Island, blah blah blah. And she's like all, you know, oh ... | corpus/salon-066.md: ...at I've been thinking about because the blah blah blah anyway but I see michael kind of n..."
without,2,"corpus/salon-049.md: ...ould have never gotten as far as I have without without collective power, really, to tell you t... | corpus/salon-055.md: ...ing some sense of integrity in the work without without going to you know some are better than ..."
generative,2,"corpus/salon-051.md: ... just mid journey. I've been working in generative generative and algorithmic art and that sort of th... | corpus/salon-073.md: ...d Vera Molnar, who's the trailblazer of generative generative art, and she's certainly a computer art..."
dream,2,"corpus/salon-057.md: ... the news and there was the world chaos dream dream looking right at me, you know, as peopl... | corpus/salon-058.md: ...g a piece. More exploring a dream state dream dream dream like quality, using, using this d..."
painting,2,"corpus/salon-059.md: ... right you know painters you know right painting painting the nature of painting shifted because ... | corpus/salon-106.md: ...nting, I have a change. I exchange with painting painting tell me something I said okay but I pre..."
vr,2,corpus/salon-060.md: ...res and I don't remember the details of vr vr chat and I didn't even know that there ... | corpus/salon-086.md: ...rd place. And that's where Google Earth VR VR is. Sort of like now become just a meta...
two,2,corpus/salon-065.md: ...ah that's like actually you should have two two race groups to belong to instead of you... | corpus/salon-076.md: ...it's really cool the idea of like every two two months or every six weeks or every thre...
s,2,"corpus/salon-067.md: ...l.  Okay. There's a woman on Sheila. It's S-C-H-I-E-L-E. Oh, Sheila. He died very y... | corpus/salon-071.md: ...in the he's in the artist index. But it's S.Y.S. T.A.I. M.E. And. Colin, this is th..."
dash,2,corpus/salon-068.md: ...e things that I've added like if you do dash dash ar it's aspect ratio so you could say l... | corpus/salon-068.md: ...it's aspect ratio so you could say like dash dash ar 16 colon 9 and a lot that'll give yo...
nice,2,corpus/salon-069.md: ...ull out of it yeah what's monochromatic nice nice merging of science and art I love it ye... | corpus/salon-076.md: ...C64 games while while at Coleco so yeah nice nice what games were you working on at that ...
around,2,corpus/salon-078.md: ... in the schools that kids actually like around around Texas poetry. And if they can be my hat... | corpus/salon-082.md: ...Mostly. I'm manipulating the background around around the faces.  And I did a series of anima...
super,2,"corpus/salon-082.md: ...und, and that infuriated him, he became super super angry, even more angry than he already ... | corpus/salon-082.md: ... see you guys are gonna kill me. He was super super angry about the light. In a more innoce..."
cha,2,"corpus/salon-084.md: ...nks, Roz. I was not planning on it.  ## cha cha [02:17](https://www.youtube.com/watch?v... | corpus/salon-084.md: ...ople to see what artists are doing.  ## cha cha [06:07](https://www.youtube.com/watch?v..."
having,2,"corpus/salon-084.md: ...e. Sorry The idea of A picture.  There! Having having a particular like, almost like a stage.... | corpus/salon-084.md: ...atever it is, you know what I mean. And Having having gelled those 2 things together, kind of..."
works,1,corpus/interview-001.md: ... an influence on my painting style. The works works behind me are a couple paintings in pro...
fairly,1,corpus/interview-001.md: ...ld say like you know the influences are fairly fairly diverse you know and certainly at you k...
mark,1,"corpus/interview-001.md: ...a gesture that is, I'll make a gestural mark mark on the tablet and then rotate it in 3D ..."
testing,1,corpus/interview-002.md: ...yaVoXMsQ&t=1395s)  Can you hear me now? Testing testing.  ## Anne Spalter [23:23](https://www.y...
met,1,corpus/interview-005.md: ...e me Patrick Steve Oz and Helen that we met met up and sort of started kicking ideas ar...
minute,1,corpus/interview-005.md: ...nvas so to speak because I it took me a minute minute to realize that what was going on thoug...
lighting,1,corpus/interview-005.md: ...t like just the being able to play with lighting lighting and shadows color theory general compos...
cool,1,corpus/interview-005.md: ....com/watch?v=qE6D2wrr1rU&t=1773s)  Yeah cool cool right on yeah I mean I know you mention...
necessarily,1,"corpus/interview-005.md: ...hat. And just because, because I didn't necessarily necessarily follow or fit into the boxes of, okay, ..."
worth,1,corpus/interview-005.md: ...of this yeah like wow this is something worth worth you know moving forward with you know a...
rocks,1,corpus/interview-005.md: ...ia since since you know start with like rocks rocks were available you know so to me it's l...
funny,1,corpus/interview-005.md: .../watch?v=qE6D2wrr1rU&t=3586s)  But it's funny funny how things change and develop yeah no a...
family,1,corpus/interview-005.md: ... have a not necessarily strained but my family family does at times feel like it's like the s...
mirroring,1,"corpus/interview-005.md: ...U&t=3846s)  Yes. This one is. I use the mirroring mirroring technique, and this is actually the sam..."
lays,1,corpus/interview-006.md: ...art of my voice so I'd say that kind of lays lays the lays the groundwork of how I resona...
political,1,corpus/interview-006.md: ...king we're looking at them as supremely political political positions and right the thing is that g...
begging,1,corpus/interview-006.md: ...logy and the one thing that I'm kind of begging begging the argument of is saying is that I'm j...
button,1,corpus/interview-006.md: ... someone said oh you mean you pressed a button button and the computer did it for you.  Sorry...
zen,1,"corpus/interview-006.md: ...ou know, kind of almost like, you know, Zen Zen data, good tie, you know, in the, you k..."
old,1,corpus/interview-006.md: ... style transfers from photographs of my old old institution in abu dhabi inside univers...
said,1,corpus/interview-007.md: ...t=3451s)  Where our lives I thought you said said light our lives lives it's nature it's ...
lives,1,corpus/interview-007.md: ...lives I thought you said said light our lives lives it's nature it's where nature exists be...
smaller,1,"corpus/interview-007.md: ...lds. So if you start making smaller and smaller smaller, how do you view the work that way? Wha..."
gets,1,"corpus/interview-008.md: ...that can be made through the space that gets gets beyond the body in a way. So it's, it's..."
zero,1,"corpus/interview-009.md: ...id on Spotify something like zero point zero zero zero five cents, five dollars per strea..."
should,1,"corpus/interview-009.md: ...blockchain and blockchain based economy should should exist, you know. And I think that.  Tha..."
vellum,1,corpus/interview-010.md: ...just kept cutting through the vinyl the vellum vellum vellum until it fell out and it creates...
mini,1,"corpus/interview-011.md: ...ow, kind of mini computer, you know, or mini mini mainframe or whatever you want to call ..."
cam,1,corpus/interview-011.md: ... or through various tool paths in a cab cam cam standing for computer aided manufacture...
creative,1,"corpus/interview-012.md: ...much to popularize, you know, the, the, creative creative notions of VR as anybody, don't you thi..."
child,1,corpus/interview-012.md: ...ad our bite chin which was kind of like child child worker but with the with the german fla...
hot,1,corpus/interview-012.md: ...s it in what mccluhan was talking about hot hot and bold media in other words you get y...
legos,1,corpus/interview-013.md: ... thing so some kind of photograms I did legos legos legos so this was a display that I did ...
heavy,1,corpus/interview-013.md: ...kind of working on these sort of really heavy heavy conceptual things so this originally ca...
shapes,1,corpus/interview-013.md: ...derstand that everything we're all just shapes shapes so this is my this is my skelly bot chr...
soon,1,corpus/interview-013.md: ...in the galleries because right well but soon soon I got the vaccine shot number one down ...
wrapping,1,corpus/interview-013.md: ...37s)  I think we can go ahead and start wrapping wrapping this up we our interview has gone over ...
parting,1,corpus/interview-013.md: ...dk&t=4149s)  We made it so you have any parting parting thoughts party insights before we wrap ...
colin,1,"corpus/interview-013.md: ...h for having me and thank you thank you Colin Colin and everybody else, of course, for havi..."
hearing,1,corpus/interview-016.md: ... find most interesting is like you know hearing hearing what artists think about this idea from...
clouds,1,corpus/interview-017.md: ...=972s)  There's a warning sign. There's clouds clouds that are billowing from actually a chim...
seeing,1,corpus/interview-019.md: ...d picking it's still your eye. You know seeing seeing what you want to see.  ## Malavika Mand...
leisure,1,"corpus/interview-019.md: ...the right side, the down bottom is on a leisure leisure and gravy try to understand continuousl..."
text,1,"corpus/interview-019.md: ...y mixed media world, so when I am using text text person is as when I'm working as a tech..."
bombay,1,"corpus/interview-019.md: ...re maximum either from. Srimoyee Mitra, Bombay Bombay I will not say Bombay it was it is a li..."
fearless,1,corpus/interview-020.md: ...ust you know people wanting to think of fearless fearless bravery eternal youth a mystic who hear...
fascinating,1,corpus/interview-021.md: ...und there okay that's cool yeah so it's fascinating fascinating synchronicities and I think I meant it ...
whole,1,"corpus/interview-021.md: ...same group of people, Pollock, and that whole whole set of people. Ippolito came from Italy..."
pop,1,"corpus/interview-021.md: ...re abstract forms. They were out in the pop pop culture. So, but I was digging on, you ..."
patterns,1,"corpus/interview-021.md: ...re. So yeah, there's all these symmetry patterns patterns that Escher, he made zoomorphic pattern..."
makes,1,"corpus/interview-021.md: ...t way. And maybe that's what, you know, makes makes art different from design, you know, in..."
references,1,"corpus/interview-021.md: ...nteresting, you know, how the treatment references references technology, you know, in the way that t..."
graphics,1,corpus/interview-021.md: ...ically you know as we as we can do with graphics graphics are when I say graphics I just as a gen...
look,1,corpus/interview-021.md: ... this kind of chaotic jumble but if you look look again you'll see that the jumble is cre...
expressionism,1,corpus/interview-021.md: ...nteresting portmanteau and the way that expressionism expressionism it just sort of flows phonetically but ...
excuse,1,"corpus/interview-023.md: ...onsideration that. Once you've decided. Excuse excuse me, once you've decided that you want t..."
well,1,corpus/interview-023.md: ... better than others you know people say well well why did why did Jackson Pollock use liq...
bamf,1,corpus/interview-026.md: ...pact of the Batman in themitation is me BAMF BAMF BAMF  ## Nina Sobell [12:29](https://ww...
sixth,1,corpus/interview-026.md: ...ee shows and go to the museums together sixth sixth grade and he said that I was an artist ...
elementary,1,"corpus/interview-027.md: ... the different, you know, grade levels, elementary elementary through middle school. And yeah, really..."
food,1,corpus/interview-027.md: ...ringing ritual back into practice.  And food Food's been a very important influential par...
talking,1,"corpus/interview-027.md: ...n, you know. And. You know I was. I was talking talking about this to someone recently. How. Ex..."
wide,1,"corpus/interview-027.md: ... Or you know, there's this sort of very wide wide range of styles. And it would be a mist..."
showed,1,"corpus/interview-027.md: ...r it took to get people's attention, it showed showed people that.  You know, this is not A f..."
various,1,"corpus/interview-028.md: ...kind of Jupiter notebooks, and you know various Various sort of kind of beginner level code poe..."
re,1,"corpus/interview-029.md: ...ng from this early dolls work, which we're re-staging, with the original dancer, who'..."
etc,1,corpus/presentation-003.md: ...Not only lectures but research journals etc etc Yeah they're very excited.  The scienti...
takes,1,corpus/presentation-005.md: ...te a new pixel position and the program takes takes the pixel at the new position from the ...
such,1,"corpus/presentation-006.md: ...ange, where the reason those images are such such powerful as they captured that moment. ..."
individual,1,corpus/presentation-006.md: ... imposes a different something onto the individual individual. So I think that's what you're trying t...
idea,1,corpus/presentation-009.md: ...t fun.  And also it really gives you an idea idea of the process rather than the end prod...
including,1,"corpus/presentation-009.md: ...y for this talk today, we're not really including including video art and movies and things of that..."
south,1,corpus/presentation-009.md: ...e was the head of the art department at South South. And I grew up in Southampton College w...
wireframe,1,"corpus/presentation-009.md: ...lly in Adobe Illustrator, using sort of wireframe wireframe tools.  And then projected and then I e..."
street,1,corpus/presentation-009.md: ... you take that image of that particular street street corner or something like that. So anywa...
came,1,"corpus/roundtable-001.md: ...=-8Glurhxyms&t=494s)  Okay, I hope that came came across all right. So I am going to open..."
bleep,1,"corpus/roundtable-002.md: ...nfident. You know, I learned how to say bleep bleep. I guess we're on Techspressionism. We ..."
ha,1,"corpus/roundtable-002.md: ...a woman only gets one? I mean, that's a ha ha funny kind of joke I'm making as a femi..."
silica,1,"corpus/roundtable-003.md: ...uch of it. And I wanted to add silicone silica silica, because I, because I like to do too mu..."
between,1,"corpus/roundtable-003.md: ...curious as an artist, what that meshing between between not just science, but a particular area..."
icbm,1,corpus/roundtable-004.md: ... the computer being one of them so that icbm icbm missile mapping system was like wow you...
specialize,1,"corpus/roundtable-004.md: ...erns like many things we always have to specialize specialize always specialize. But in the end, I th..."
over,1,"corpus/roundtable-005.md: ...o, you know, Davo kind of really got me over over any trepidation I might have had for jo..."
either,1,"corpus/roundtable-005.md: ...al training? Was that important to you, either Either in school or education wise? Or did you..."
freed,1,"corpus/roundtable-005.md: ...o defined explanation, and that kind of freed Freed me from. You know it allowed me to open..."
much,1,corpus/salon-008.md: ...good in Instagram I realized that I had much much to learn because I saw things that I kn...
eager,1,corpus/salon-008.md: ...w that people could do and I was really eager eager to learn a lot because yeah I honestly ...
years,1,corpus/salon-008.md: ...at's been. We've been doing for several years years now we've just never had it had a way t...
deeper,1,corpus/salon-008.md: ...st me you know and something that has a deeper deeper something going on with it that has to ...
kunstmatrix,1,"corpus/salon-008.md: ...s like people have asked me, well, does Kunstmatrix Kunstmatrix accept placement of looping videos? I d..."
playful,1,corpus/salon-009.md: ...th respect you know it's more of like a playful playful exploration not like you know not tryin...
minutes,1,corpus/salon-009.md: ...as far as five artists roughly five ish minutes minutes per artist and then intros and then sor...
aspire,1,"corpus/salon-010.md: ...these other ones kind of came from. And aspire aspire beauty was kind of that, that like that..."
everyone's,1,"corpus/salon-010.md: ... is like, you know, that it's basically everyone's everyone's an artist in here and, you know, everyo..."
plus,1,"corpus/salon-010.md: ...hey're giving us sort of like a premium plus plus plus package would like, you know, so t..."
seen,1,corpus/salon-010.md: ...w you what that looks like too you guys seen seen a screen yes yeah okay so let me just y...
quickly,1,corpus/salon-011.md: ...s and meaning what is behind. So I just quickly quickly tell it again. So there's something imp...
zoom,1,corpus/salon-012.md: ... unplug your mic if it's external or oh zoom zoom's a zoom's a fun creature sometimes and...
woo,1,"corpus/salon-012.md: ...w this sounds very romantic and kind of woo woo. But what the hell, man, that's where I..."
plastic,1,"corpus/salon-012.md: ...tures are surrounded by.  You know, the plastic plastic and air in a very basic kind of way. It..."
anything,1,corpus/salon-012.md: ....  It just shows that when you're doing anything anything authentic and interesting comes up it's...
environment,1,"corpus/salon-012.md: ...n there. So we created a 3D interactive environment environment, fully immersive, that was based around..."
discussions,1,"corpus/salon-013.md: ...th all the gallery visits, and many our discussions discussions and even arguments lead me to a whole n..."
dialogue,1,corpus/salon-013.md: ...different thing or I was hearing to our dialogue dialogue with Ross who I think she helped me a l...
ali,1,"corpus/salon-013.md: ... get them on Amazon. That online place, Ali Ali. Ali express or Alibaba. That's it. Yes..."
thinking,1,"corpus/salon-013.md: ...terally like on my devices all the time thinking thinking and talking about this stuff.  And, you..."
platform,1,corpus/salon-014.md: ...is a very you know kind of like a cross-platform platform so to speak for nfts that indexes all t...
happened,1,corpus/salon-014.md: ...ion in hong kong but I believe the drop happened happened on nifty gateway is pretty remarkable s...
curated,1,corpus/salon-014.md: ... now what's happening is you have these curated curated platforms well rare rareables not reall...
rarible,1,corpus/salon-014.md: ...wallet that's used to for the contracts rarible rarible does the same same thing I have two min...
hundred,1,corpus/salon-015.md: ...ch strand of wool and the point of this hundred hundred minute work is that none of these momen...
incredibly,1,corpus/salon-015.md: ...ordered and now we've all got access to incredibly incredibly precise time and with digital clocks an...
during,1,corpus/salon-015.md: ...hat I was doing with machine drawing in during during graduate school so I think what's inter...
c,1,corpus/salon-015.md: ...an interview two days ago two days with c c moses so there's that interview that's ...
mike,1,"corpus/salon-016.md: ...v=syXkJWTwCJc&t=1338s)  Next up is Gary Mike Mike All right, I guess Do the share screen ..."
paint,1,corpus/salon-016.md: ...go in and manipulate the photograph and paint paint and the colors and the richness that yo...
beveled,1,corpus/salon-016.md: ... tell but I assumed that you had either beveled beveled some of your layers or added some shado...
nft,1,"corpus/salon-016.md: ...synergy of visibility, kind of like the NFT NFT show being during freeze, you know. So ..."
start,1,corpus/salon-017.md: ... is so cost and effective for people to start start throwing their hat in the ring for gett...
use,1,corpus/salon-017.md: ...e up. It's a WordPress based site. So I use use WooCommerce as an e-commerce platform. ...
disoriented,1,"corpus/salon-018.md: ...you. So you feel, you feel confused and disoriented disoriented in between those things.  And like at t..."
lovely,1,corpus/salon-018.md: ... you so much for this actually a really lovely lovely question so I'm going to use it in the ...
lee,1,corpus/salon-018.md: ...terested in presenting or oh we do have lee lee musgrove wanted to present also next ti...
near,1,"corpus/salon-020.md: ... us who have been sort of been involved near Near the beginnings of these things, the lim..."
tommy,1,corpus/salon-020.md: ...anhattan like for playground structures Tommy Tommy that's you we're asking you Tom I'm sor...
paradoxical,1,corpus/salon-020.md: ...e of the things that I find like really paradoxical paradoxical about it is it's literally just circles...
boat,1,corpus/salon-021.md: ... because I was like three feet from the boat boat if I'd been really far away.  But I was...
france,1,corpus/salon-021.md: ...apan every year of course I've lived in france france is not a different not different I mean...
reach,1,corpus/salon-022.md: .... We see that this democracy of art can reach reach many audiences. This is a segment of a ...
tree,1,corpus/salon-023.md: ...e and again inserted these textures the tree tree talk and on the gold at the golden hour...
shakti,1,corpus/salon-024.md: ... of the theme for one exhibition called shakti shakti means power so we have one goddess is c...
slowly,1,corpus/salon-024.md: ...have given pixelating relations because slowly slowly after some time it became like now what...
sleeping,1,"corpus/salon-024.md: ... get over when night and sometime I was sleeping sleeping at 6 o'clock morning, getting up at 2 p..."
facebook,1,corpus/salon-024.md: ...ound the rogue pano group and so and on facebook facebook and I'm like there's a rogue pano group...
line,1,corpus/salon-024.md: ... if you can see this yeah but like this line line never ends and I either put black on on...
thick,1,corpus/salon-024.md: ...like okay now I have like I have like a thick thick body of these and I now I'm gonna be ab...
high,1,corpus/salon-024.md: ...nto like government sanctioned and like high high end A-list artists and I didn't know an...
generally,1,corpus/salon-025.md: ...just send my email of my artwork.  It's generally generally the easiest thing you don't have to pay...
share,1,corpus/salon-025.md: ...TinTin23x yes I'm sorry tintin wants to share share their work so are you are you there tin...
forward,1,corpus/salon-027.md: ...e and all that good stuff and then fast forward forward between that time because I was 2014 wh...
unemployed,1,corpus/salon-027.md: ... this moment during the pandemic. I was unemployed unemployed at that point because I lost my job. I ...
elsa,1,corpus/salon-027.md: ...nk he's Ethiopian I'm not sure. Abraham Elsa Elsa hot Elsa Lahi. And a lot of your work. ...
jump,1,corpus/salon-027.md: ...mp I want excuse me I want to I want to jump jump in it's like I have always been so take...
local,1,"corpus/salon-028.md: ...ah. Yeah. Oh, makes tier because it's a local local and that allows people understand kind ..."
presuprisk,1,corpus/salon-029.md: ... sharing accessibility features such as presuprisk presuprisk at Bowling Green State University in Oh...
octopi,1,corpus/salon-031.md: ...ite big Ursula fan so I like octopus or octopi octopi I think octopi okay octopi so and the t...
womp,1,"corpus/salon-031.md: ... don't know if you can play it or not.  Womp womp. Ah, there we go. So I usually find lik..."
represented,1,corpus/salon-032.md: ...king a little bit about NFTs.  And I am represented represented by Postmasters Gallery now. They're lik...
circuits,1,"corpus/salon-032.md: ...just run, you know, you have to say all circuits circuits and then power into them and patch them..."
open,1,corpus/salon-032.md: ...rm and kind of keeping that you know an open open definition yeah how long ago what was t...
doing,1,corpus/salon-033.md: ...e idea of putting lights in and this is doing doing some construction work on it in his sho...
quite,1,corpus/salon-033.md: ...'re both very different so I think it's quite quite literal what their meanings are it's ju...
love,1,corpus/salon-033.md: ...iption box but I'm sort of the themes I love love the desert I lived in Morocco for a lon...
nigel,1,corpus/salon-033.md: ...cerpt from the brain art book edited by Nigel Nigel Nigel Anton Nigel I'm sorry I'm sorry A...
fourth,1,corpus/salon-033.md: ...ird fourth third somewhere around there fourth fourth fourth yep all right anyway again happy...
shut,1,corpus/salon-034.md: ...ery. Somebody called animal control and shut shut shut the show down and Jeannie Moss fro...
specific,1,"corpus/salon-034.md: ... It's done, but it but it happened at a specific specific time. And sort of an aesthetic that I h..."
looking,1,corpus/salon-034.md: ... each individual collector what they're looking looking for and then it's also the case that li...
walter,1,corpus/salon-034.md: ... you couldn't authenticate or make what walter walter benjamin would refer to as the uniquene...
becoming,1,corpus/salon-034.md: ... what happens you'll get it's much like becoming becoming a clearinghouse for nfts building displ...
short,1,"corpus/salon-034.md: ... to press them about that idea, you get short short circuits because they don't actually re..."
anyway,1,corpus/salon-034.md: ...we totally have space we can make space anyway anyway anyway it would be easier to set up a r...
able,1,corpus/salon-035.md: ...e role. I find a lot of thing I was not able able to transport during traveling. So I dec...
paris,1,corpus/salon-035.md: ...ith each other and then the next one is paris paris 1889 and I'll read that one okay paris ...
included,1,corpus/salon-036.md: ...s this little bird carcass and that got included included in a lot of my digital work.  Dead bird...
self,1,"corpus/salon-036.md: ... within 24 hours. And now this is the,, self self-portrait series that I put up there. So..."
ar,1,"corpus/salon-036.md: ...eally good thing. It's an open source,, AR AR toolkit and that sort of thing. So yeah..."
include,1,corpus/salon-038.md: ...hey'd all love you. And they'd probably include include you in their next book.  For sure. I'll...
pushed,1,"corpus/salon-038.md: ...d together, but it seems like it's also pushed pushed away the idea of people actually being ..."
tool,1,corpus/salon-039.md: ... games.  It's a very interesting useful tool tool. That's also how some people have been ...
left,1,"corpus/salon-040.md: ...r here where I'm pointing in the bottom left left, I knew it would be folded.  So I incor..."
anyone,1,"corpus/salon-040.md: ...at that we're talking about, presenting anyone anyone else like to go now? I think, well, I'm..."
videos,1,"corpus/salon-040.md: ...brave crashed and I queued up all these videos videos on there, so they would have.  ## Unatt..."
pandemic,1,corpus/salon-041.md: ... Me now In terms of Climate And war And pandemic pandemic and politics. So I reworked it with tha...
originally,1,"corpus/salon-042.md: ...NFT. He's based, I believe in France or originally originally from France, maybe in Spain right now. ..."
space,1,"corpus/salon-042.md: ...nal 3D object, which gives it a kind of space space on a two dimensional picture plane.  ##..."
wherever,1,corpus/salon-042.md: ...jBuIQ&t=8274s)  Morning slash afternoon wherever wherever you might be all  ## Tom Dunn [02:17:59...
mother's,1,corpus/salon-043.md: ...nd pointed out to me recently this past Mother's Mother's Day that you know we are all mothers. A...
discussion,1,corpus/salon-043.md: ...As something to talk about when we have discussion discussion time. I'm watching the clock. I want to...
baba,1,corpus/salon-043.md: ...ny we all broke we don't have a farming Baba Baba actually he built all the customer with...
selling,1,"corpus/salon-043.md: ...ssion so I create my energy, and I keep selling selling selling. And now I even coach other NFT..."
seminar,1,corpus/salon-045.md: ...ow Michael wanted to. Maybe mention the seminar seminar that is going on tomorrow. And if you w...
casey,1,corpus/salon-045.md: ...eresting one with the mccoys definitely casey casey reis today was like pretty incredible t...
raised,1,corpus/salon-046.md: ...ody have before we start going into any raised raised hands does anybody have any questions o...
scholars,1,corpus/salon-046.md: ...use not only do we have artists we have scholars scholars studying you know the society of media ...
basically,1,corpus/salon-046.md: ...onomy scott kildall's piece exotopia is basically basically a VR guide to the known exoplanets and ...
victor,1,"corpus/salon-046.md: ...not? OK, well, how about you know what? Victor Victor is in the show. One moment. OK, great. ..."
entire,1,corpus/salon-046.md: ... what you brought in it. You brought an entire entire family together over art and there was ...
displayed,1,"corpus/salon-046.md: ...py to be with you and for my work being displayed displayed in 2022 Weird Media Exhibition. I am, c..."
deeply,1,corpus/salon-046.md: ...or your time and I as and as always I'm deeply deeply grateful to my wife and partner of all ...
series,1,corpus/salon-047.md: ...iverse and that's it that's that little series series. Kind of materiality or not materiality...
geometric,1,corpus/salon-047.md: ...n of a very complex form with like more geometric geometric forms like the discs where it's sort of...
pre,1,corpus/salon-047.md: ... physicality of my youth and growing up pre pre-digital world and everything I think th...
massive,1,corpus/salon-047.md: ... really thank tommy mince for getting a massive massive massive mind shift when working with hi...
finger,1,corpus/salon-047.md: ...e a stylus I never use a styler just my finger finger  ## Michael Pierre Price [01:23:42](htt...
touch,1,corpus/salon-047.md: ...ng sensation of you know over and above touch touch is amazing and there's also this you kn...
close,1,corpus/salon-047.md: ...me here and it looks like we're getting close close to finishing so does anybody have any f...
rectangles,1,corpus/salon-048.md: ... I took this basic composition based on rectangles rectangles and came up with a slightly more elabor...
throwing,1,corpus/salon-048.md: ...iations of love.  Crazy and psycho. And throwing throwing like doing something sort of modernist....
highly,1,corpus/salon-048.md: ...and adapt to it as you know you're in a highly highly and I use this word kind of provocative...
off,1,corpus/salon-048.md: ...today and we'll continue the discussion off off camera as it is and thanks everybody th...
fire,1,corpus/salon-049.md: ...e respond to that hashtag expressionism fire fire fire but like using that as a comment o...
come,1,corpus/salon-049.md: ...ch are these international subgroups to come come in and sort of talk about what they've ...
topic,1,"corpus/salon-049.md: ...ost of the shows in that space had been topic topic base, but drawing off of a regional bas..."
powerful,1,corpus/salon-049.md: ...ctive in my opinion has been much more. Powerful powerful than the individual but however the col...
list,1,"corpus/salon-049.md: ...at uses the word should be on the press list list as far as I'm concerned, because what, ..."
found,1,corpus/salon-049.md: ...ess. And the gentleman I'm working with found found a product which was a music to a digita...
jewish,1,corpus/salon-049.md: ...s actually in a crib yesterday with the Jewish Jewish art salon and in fact Dina Eber was one...
fabrication,1,corpus/salon-049.md: ...DGbCGY&t=5731s)  Okay different ways of fabrication fabrication  ## Colin Goldberg [01:35:34](https://w...
hour,1,corpus/salon-049.md: ... Susan just because we're just over the hour hour and a half mark  ## Susan Detroy [01:36...
relevant,1,corpus/salon-050.md: ...ce of materials process whatever what's relevant relevant what the person presents is what I had ...
upper,1,corpus/salon-050.md: ...n the american piece which is up on the upper upper upper left now like that the flag it's ...
reese,1,corpus/salon-050.md: ...ds good. So next is Reese. Are you here Reese Reese just stepped away for a minute. We'll c...
hybrid,1,corpus/salon-050.md: ... animated and moving. So it's kind of a hybrid hybrid work. And then I'm working on another v...
coming,1,corpus/salon-050.md: ...sets from all these different areas and coming coming together in the VR world.  ## Roz Dimon...
materials,1,corpus/salon-050.md: ...today. Was this interplay of commercial materials materials that are developed for commercial purpo...
core,1,corpus/salon-051.md: ...ork with different you know there was a core core practice that still stayed there and I ...
painter,1,"corpus/salon-052.md: ... Donato, M.D.: The first is the Italian painter painter jato who infused space into our and red..."
neil,1,corpus/salon-052.md: ...leased this fall 2022 with a forward by Neil Neil deGrasse Tyson. He posts daily on Insta...
happening,1,corpus/salon-052.md: ... was talking about with the experiments happening happening at CERN and being able to understand wh...
nyssephour,1,corpus/salon-053.md: .... It was camera was developed by Joseph Nyssephour Nyssephour.  I hope I'm pronouncing that correctly...
easy,1,corpus/salon-053.md: ...ey're starting to market this year it's easy easy to look up and that's probably an examp...
artwork,1,corpus/salon-055.md: ...e ketamine structure of the molecule as artwork artwork I tried coming up with different ideas ...
la,1,corpus/salon-055.md: ...s all just like grandiose or going into La La Land of psychedelics this is an importa...
itself,1,corpus/salon-055.md: ...e things like the Internet as a tool in itself itself. A lot of potential for good. Some peop...
hey,1,corpus/salon-055.md: ...be.com/watch?v=sfMxOAC97Yo&t=1907s)  Hi hey hey hi so I'm just gonna I had some thought...
exact,1,corpus/salon-055.md: ... no fear uncertainty and doubt it's the exact exact opposite is you should lean into that a...
divorced,1,corpus/salon-056.md: ... the Mediterranean area. My mom and dad divorced divorced when I was about two years old. So back...
tinting,1,"corpus/salon-056.md: ...asses that's not tinted there's a light tinting tinting component. But this will be lit, and yo..."
wanted,1,corpus/salon-056.md: ...convene that way. You know I definitely wanted wanted you to be able to present this idea to ...
man,1,corpus/salon-057.md: ...sed fairly frequently to depict average man man in the gray suit. And you also see the ...
sistah,1,corpus/salon-057.md: ... gonna share my screen.  Here we go. ¶¶ Sistah Sistah Melo Thank you. Thank you. It's incredi...
revolved,1,"corpus/salon-057.md: ...during the pandemic, like in 2020, that revolved revolved around. My biking and wearing a mask. A..."
expression,1,corpus/salon-058.md: ...'t know how many people know about text expression expression we're working on that well maybe I can ...
latent,1,"corpus/salon-059.md: ...translation engine.  And, you know, the latent latent space, you know, I mean the, I mean of ..."
knows,1,corpus/salon-059.md: ...cept for the fact that I don't think he knows knows knows enough about Hagel. Oh god. I don...
ann,1,corpus/salon-059.md: ... images. And Patrick and I both started Ann Ann and a bunch of people started with Play...
radically,1,corpus/salon-059.md: ...ealt with this in the past. Photography radically radically changed painting and so did physics. If...
saying,1,"corpus/salon-059.md: ... from some of the things that Gavin was saying saying earlier, part of what's going on here s..."
long,1,corpus/salon-059.md: ...r timing to just show it's a little bit long long too I just wanted to add more comment f...
few,1,"corpus/salon-060.md: ... it. But in this case, I have just very few few lights. But this is the kind of work th..."
normally,1,corpus/salon-060.md: ...ts. But this is the kind of work that I normally normally produce. And these are pretty much.  Av...
immigration,1,corpus/salon-060.md: ... don't like it. This is related to the. Immigration immigration thing. Who is this? I work in a federal...
selecting,1,corpus/salon-060.md: ...hat and I ended up kind of I don't know selecting selecting this avatar that was totally like a spa...
dressed,1,corpus/salon-060.md: ...n suddenly you're in vr and everybody's dressed dressed weird or that first time I was dressed ...
post,1,corpus/salon-060.md: ...used the carousel in instagram when you post post several things and ask people to select...
glass,1,corpus/salon-061.md: ...if it is two-sided I am using a acrylic glass glass box so that they can see both the side ...
piece,1,corpus/salon-063.md: ...in my work that I like the feeling of a piece piece being contained.  So I'll go to another...
n,1,"corpus/salon-063.md: ...l art. And so it's Carla dot Gannis G a N N I S. And it's just a simple event, brig..."
singing,1,corpus/salon-065.md: ...al headdresses and the folk dancing and singing singing mostly and so I'm remembering that when...
acts,1,corpus/salon-065.md: ...'s emergency response plans. Despicable acts Acts of terror. Acts of terror.  Spoken to t...
working,1,"corpus/salon-065.md: ...n work for you? Of taking the photo and working working over them? Well, I think for me, it's s..."
kick,1,corpus/salon-067.md: ... do you feel like you'd like to kind of kick kick the discussion off or not. Colin Goldbe...
single,1,corpus/salon-067.md: ...y feeding it the whole library of every single single Star Wars film ever created. And then i...
stop,1,corpus/salon-067.md: ... lips and boobs and tiny waist and legs stop stop no one gets old on the internet right l...
night,1,corpus/salon-067.md: ...lit of all the different paintings that night night cafe mixed together. And I don't even r...
apart,1,corpus/salon-068.md: ... I tried to take some of the highlights apart apart although I did post the link to it in b...
indian,1,"corpus/salon-068.md: ...ht on Facebook and a little story of an Indian Indian comedian. And I was like, oh, I'm going..."
mcdonald's,1,"corpus/salon-068.md: ...mospheric Research, and I cut them with McDonald's McDonald's ad, where they're like, they had like, ..."
original,1,corpus/salon-068.md: ...e you on this even though he wasn't the original original but it's good enough. And is that discu...
patrick,1,corpus/salon-068.md: ...at might be something cool and I'm sure patrick Patrick has a bunch of stuff.  I have a couple ...
philosophical,1,"corpus/salon-070.md: ...en know things.  And that's a kind of a philosophical philosophical thing but I was like well, a lot of our..."
pixel,1,corpus/salon-070.md: ...to have that versatility and I need the pixel pixel power there to do it so it might be 720...
suggested,1,corpus/salon-071.md: ...e such themes through the art so Renata suggested suggested that I approach the group as a social s...
breton,1,corpus/salon-071.md: ...hings like this surrealist manifesto by Breton Breton I guess not sure exactly the best way t...
german,1,corpus/salon-071.md: ...mething that was invented by the artist German German artist Joseph boys is also one of the f...
loved,1,corpus/salon-073.md: ...eak to me. This was also an alleyway. I loved loved the windows on this building how they r...
balance,1,"corpus/salon-073.md: ...ind of the balance I'm going for is off balance balance. Thank you. As always, Karen, your work..."
took,1,corpus/salon-073.md: ...tages of the pandemic when this kind of took took root two years ago or so now and where ...
life,1,corpus/salon-074.md: ...ial. This is. Coding animation. This is life life and brain rendering piece. That is real...
major,1,corpus/salon-075.md: ...ties. But stylistically. I've made some major major changes here. And for me. Once again. T...
sort,1,corpus/salon-075.md: ...e Polycast recently. And Patrick Lichty sort sort of came up with this idea of Techspress...
dry,1,corpus/salon-075.md: ... more solid but yet I like that sort of dry dry brush look where you can see see throug...
ambiguous,1,corpus/salon-075.md: ...ternal like as in blood but so you know ambiguous ambiguous in different ways and not so completely...
ready,1,corpus/salon-075.md: ...it's on YouTube yeah okay Tommy are you ready ready to share your news today oops you there...
ny,1,corpus/salon-076.md: ...2883   - name: Tommy Mintz     country: NY NY USA     start: 3916 transcript_source: ...
encompasses,1,corpus/salon-076.md: ...o have come down from this and I didn't encompasses encompasses glitch art. I don't know. There was als...
too,1,corpus/salon-076.md: ...mes for updates but I don't want to get too too deep on that and you know tommy you wan...
part,1,"corpus/salon-076.md: ...other hub space and so is the hub space part part of your space, this town square space, ..."
talk,1,corpus/salon-076.md: ... the point is that the two people would talk talk to each other and they would share and ...
synthetic,1,"corpus/salon-077.md: ...e58ctMQ-ccc&t=3086s)  I think the title Synthetic Synthetic Ecology is also Fascinating the idea, a..."
micro,1,corpus/salon-077.md: ...rspectives are. So it's showing us on a micro micro level what we should know.  The ticks a...
portrait,1,corpus/salon-077.md: ...licks on so again that's formatted in a portrait portrait orientation. Now. In regards to your qu...
especially,1,"corpus/salon-077.md: ...llery?  And that's where these numbers. Especially especially if you know you like, where your walls ..."
narrative,1,"corpus/salon-077.md: ...ted into the art. It can be part of the narrative narrative of the art, or something. No, like Kare..."
deliver,1,corpus/salon-078.md: ... a Of mental and physical contortion to deliver deliver your work in a in a way that lands true...
karen,1,corpus/salon-078.md: ...uestion so much. But I really liked the Karen Karen's sound use In her piece. This is this ...
wrap,1,corpus/salon-078.md: ...DrU&t=5502s)  Oh. Well. Think we should wrap wrap things up and do the after party afterw...
speaking,1,"corpus/salon-079.md: ...lly comes, turns into these shapes. And speaking speaking of stars The next body of work that I'v..."
kidding,1,"corpus/salon-079.md: ...l of them before anybody gets them. I'm kidding kidding. Please buy an old one, and I'll help y..."
photo,1,corpus/salon-079.md: ...kind of takes you into like some of the photo photo grametry sort of work that artists like...
day,1,corpus/salon-080.md: ...r jobs for a number of years During the day day jobs. Most of them were part time. Occa...
pigment,1,"corpus/salon-080.md: ...cy film off.  It actually transfers the pigment pigment from the film to the substrate, so it e..."
das,1,"corpus/salon-080.md: ...at made this film, and primer is called Das das ss, which is like digital art supply so..."
similar,1,"corpus/salon-080.md: ...alled Ink Aid, that I believe they make similar similar products, and they make a primer that I..."
money,1,"corpus/salon-080.md: ...Time and wasting time, or you know. And money money talks. That was the other thing that's ..."
urban,1,corpus/salon-080.md: ...d it's right in the heart there. Lot of urban urban is always been a big influence. Saxopho...
theater,1,corpus/salon-081.md: ...at I printed out. These are collages of theater Theater photographs. Employee really see how ma...
wedged,1,corpus/salon-082.md: ...ter pipe pump and a broken broom handle wedged wedged between cabinet handles.  I shiver. Don...
flat,1,corpus/salon-082.md: ...And as for 3D. You know I'm doing these flat flat pieces with thousands of images in them...
first,1,"corpus/salon-082.md: ...all these all the time, and this is the first first time all semester. I've actually had ti..."
pathways,1,"corpus/salon-083.md: ...rprised, you know, to find out how many pathways pathways had delved into that area. And I think ..."
berger,1,"corpus/salon-083.md: ...ed. Can everybody see my screen of John Berger Berger? I think it is Well, I'm gonna go back ..."
volume,1,"corpus/salon-083.md: ...e to what he did. He had a pretty large volume volume, volume of you know, pre digital work a..."
everyone,1,corpus/salon-084.md: ...work is that it has a universality that everyone everyone can feel in their hearts somewhere. Oka...
enter,1,"corpus/salon-084.md: ...he group and think, oh, I think I might enter enter Integrate that into my work. So I feel ..."
point,1,"corpus/salon-084.md: ...utube.com/watch?v=9uB83V9qp8M&t=4223s)  Point point of view, or you know, you can come up w..."
give,1,"corpus/salon-085.md: ...en blended, but offset the blend. So to give give, so that causes interaction between the..."
quantum,1,"corpus/salon-086.md: ...of the central characters, and as is in quantum quantum mechanics, electrons obey the Heisenber..."
f,1,"corpus/salon-086.md: ...this 3d printed tree that actually it's F F U. If you look at it again in the, in t..."
question,1,corpus/salon-087.md: ...Maybe I was. Sorry. Yeah. Thank you. DA QUESTION QUESTION admin Did you want to speak to your wor...
wonderful,1,corpus/salon-087.md: ...including me in this show thank you Lee wonderful wonderful like a fine wine it takes time Burgum b...
red,1,corpus/salon-087.md: ...ghtning storms and the sprites are like red red lines that come down or something I gue...
cynthia,1,corpus/salon-087.md: ...rk so let's move over here to our other cynthia Cynthia Beth Rubin who cannot join us today hap...
only,1,corpus/salon-088.md: ...ish isn't English now the lingua franca only only because of British colonization. Is tha...
viscom,1,"corpus/salon-088.md: ... there's a small prompt box, because in viscom viscom can render without prompt. And at the l..."
older,1,"corpus/salon-088.md: ...okay, I guess I'm revealing age getting older Older and better in some ways. But this is 19..."
computer,1,corpus/salon-090.md: ...art of my custom 24-bit S100 bus custom computer computer. I also bought a 3D printer and a 3D pr...
polyhedra,1,corpus/salon-091.md: ... Mirror of M.C. Escher and this book on Polyhedra Polyhedra Visual Approach by Anthony Pugh is a br...
perception,1,corpus/salon-091.md: ...mmunity. These are two other books that perception perception and mysticism separate reality. The Car...
set,1,corpus/salon-092.md: ...on for printing. And so there's a whole set set of steps that I have to go through.  An...
me,1,corpus/salon-092.md: ...And you know your work definitely makes me me think about all that kind of you know. ...
contemporary,1,corpus/salon-093.md: ...mporary musical incorporate versions of contemporary contemporary subjects like documentaries as well as ...
awarded,1,corpus/salon-093.md: ...series based on this body of work I was awarded awarded a full scholarship to the MFA computer ...
four,1,corpus/salon-094.md: ...hundred. So it's like the equivalent of four four K screens lined up together.  So I'm ju...
exactly,1,corpus/salon-095.md: ...mber yet? Or no we need this she wasn't exactly exactly into horlingen because did your 독 의 mom...
group,1,corpus/salon-095.md: ...ere whether people are you know in this group group or not they are kind of connecting to t...
together,1,corpus/salon-096.md: ...hat you might not seemingly ever expect together together. It's an endless form of fascination fo...
please,1,corpus/salon-098.md: ...erything normal if there be those folks please please share those changes those updates befor...
fun,1,"corpus/salon-098.md: ...ject, you know, so it was just a really fun fun thing.  And I took all of their images ..."
uzbekistan,1,corpus/salon-100.md: ...gench is which I've circled here within uzbekistan uzbekistan is really a desert country so there's a...
italian,1,"corpus/salon-100.md: ...curated Japanese artists and he curated Italian Italian artists and then said to me, well, you ..."
kukla,1,"corpus/salon-100.md: ...ibited and who were Uzbek.  And I found Kukla Kukla car. Sorry, I'm saying her name wrong. ..."
poly,1,corpus/salon-101.md: ...polygon it's upper left you can see the poly poly count okay you can see the count so you...
smooth,1,corpus/salon-101.md: ...n poly Panda okay fast super smart fast smooth smooth struggling smoothaden果 smooth çek身 alte...
tierney,1,"corpus/salon-102.md: ... Explorers Club, and works with Kristen Tierney Tierney Gallery here in New York. Well, I'm not..."
today,1,corpus/salon-103.md: ...f phoenix arizona I want to welcome you today today is february the 5th 2026 and this is Te...
neural,1,corpus/salon-103.md: ...ro dessemetics and cycles of modules of neural neural blurring and spatial���题 at Yale Univer...
presumed,1,"corpus/salon-103.md: ...m And arms reached Cleveland, we're now presumed presumed To close with this is not an epic tale ..."
certain,1,corpus/salon-106.md: ...nd whistles or have you focused down to certain certain peripherals certain devices that you us...
assessment,1,corpus/salon-107.md: ...k Club pollution assessment engineering assessment assessment democracy MAEC 독 Tuningnik 독 Tuningnik ...
hacker,1,corpus/salon-109.md: ... dog patterns letters Villani mountains hacker hacker hacker hunter survived battles mystery ...
far,1,corpus/salon-109.md: ... Russia until half one times could seem far far away from beautiful Amazon freehouse un...
blue,1,corpus/salon-109.md: ...'s the color of my room where it's time blue blue all right very different thanks for sha...
fine,1,"corpus/salon-109.md: ... enterprises, advertising material, not fine fine art. They like the term Techspressionis..."
communication,1,corpus/salon-110.md: ...le bit about maybe about the design and communication communication like I want to mention too that cha he ...
incorporate,1,"corpus/salon-110.md: ...f the verse, we learn how to upload and incorporate incorporate texts, images and emojis as well as how..."
navigate,1,"corpus/salon-110.md: ...use the pen tool.  We also learn how to navigate navigate the verse, including how to move, explo..."
