id,recording type,number,title,time,speaker,heard as,sentence,correction
M1,salon,8,"Pons, Sun, Andrew, Pointer, Boyd-Wilson, LaFleur",26:56,Michael Pointer,tech expression,"So the, the tech expression is part of it is, you know, it begins with my iPhone.",
M2,salon,10,"Spalter, Gerbarg, Karver, Gellis, Bradley",1:54:48,Davonte Bradley,tech expression,"I mean, if you want to refer to yourself as a tech expression is you are more than welcome to.",
M3,salon,13,"Negin Ehtesabian, Diane Marsella, Sue Beyer",1:25:48,Sue Beyer,tech expression,There's a banner link now on tech expression is them.com.,
M4,salon,20,Victor Acevedo & Christine Sciulli,1:46:05,Christine Sciulli,tech pression,"But I think I mean, the tech pression is, that's why I think it's a very powerful term.",
M5,salon,28,Tommy Mintz and Stephanie Sydney,1:51:20,Stephanie Sydney,Text expression,"Text expression is the other day, which is pretty cool.",
M6,salon,29,Techspressionism 2021 Opening,1:11:58,Malavika Mandal Andrew,text expressions,"First of all, I want to thank the exhibition advisor and curator for selecting and exhibiting my text expressions, my work in Techspressionism 2021.",
M7,salon,30,Sahar Moussavi & Skywaterr,1:28:24,Göksu Ilgaz Koçakcıgil AKA Skywaterr,text expression,"And I just think that's something I would really like to encourage people to do, you know, and I'm happy, you know, as sort of like the person who can actually post stuff on text expression is dot com yet although at some point I definitely would like you know some sort of a backup person preferably someone who's comfortable with WordPress you know but to you know to help put those events out there you know and I think that's like a good you know way to look at a growth model for this thing is that you know people have an idea oh I want put the show together.",
M8,salon,34,Old-school Open Mic with Robert DuGrenier,1:40:24,Robert DuGrenier,tech expression,Family so to speak so I'm not I'm not gonna go anywhere anytime soon if I can help it anyway buy some Davo masks or I see I wanted to get like a 3d printer and start actually like making masks like that is the thing that I want to do because I love masks and I was like there's so many cool designs and varieties that I could do but that'll be a project for another time because I have more capital now I can actually probably get a 3d printer so I can actually enact on this crazy idea that I have my wife is thrilled by the way yes we heard the laughter yep I think we totally have space we can make space anyway anyway anyway it would be easier to set up a real engine 3d render and projection map your face onto whoever was sitting there I don't know we'll find out you're just spinning I see it oh so one other just point of business is that the I posted this on the facebook group I was going to send out an email blast but I just never got around to it so the Techspressionism 2021 show has been archived now it's still at Techspressionism.com slash ts 2021 and the show that malavika put together in india is on the home page now and that is like sort of I put it up as like a partner exhibition in that you know she's in the index and brought some of the ideas from tech expression this project over to that show and you know it's sort of interesting to see how it's going to work out and so for me it's just an amazing show and we're really excited to have that part of the show it's just it's an amazing show and we're really excited to have that part of the show it's just it's an amazing show and we're really excited to have that part of the show it's just it's an amazing show and we're really excited to have that part of the show it's just it's an amazing show and we're really excited to have that part of the show it's just it's an amazing show and we're really excited to have that part of the show it's just it's an amazing show and we're really excited to have that part of the show it's just it's an amazing show and we're really excited to have that part of the show it's just it's an amazing show and we're really excited to have that part of the show it's just it's an amazing show and we're really excited to have that part of the show started that off as a an Instagram account you know and I think that node model might be a way that artists could group together in their various local areas to put together physical exhibitions or what have you but I know there was something in new york city called the thing a while back that was a bunch of sort of technology artists in the 90s that did a similar type thing with thing with nodes and in various countries I've been featuring some of the work from the collaborative art project in india on both Instagram stories and the Instagram account and while I have your attention I just want to remind you that we have a twitter account which is under the handle at texpressions and that twitter account has a!,
M9,salon,34,Old-school Open Mic with Robert DuGrenier,1:43:46,Robert DuGrenier,texpressions,"Banner that can be filled with artwork by any of us all you need to do is to format your work you know one to three sorry I should say three to one proportions so 1500 pixels across 500 pixels down and send the file through dm on twitter to at texpressions and yeah I failed to mention Jan Swinburne yeah our twitter link is at texpressions for thisub of at l texpressions that's at the end of the video we're going to get to that so jenna we're going to have to say for that so jenna we're going to have to say for that so jenna we're going to have to say for that so jenna we're going to have to say for that so jenna we're going to have to say for that so jenna we're going to have to say for that so jenna we're going to have to say for that so jenna we're going to have to say for that of today so it must have I looked yesterday and it was still under 30 so I must have just hit that which is a nice milestone I memorialized it with a story oh did you I haven't been on I haven't been on today nice I check every day the number and we need you colin you're a very important person which is what I stepping up and helping is always a good thing I appreciate it's been a it's been a tough thing where you know I feel like there's an infinite number of areas I could focus my attention you know even just within the scope of this project so sometimes it feels a little bit overwhelming but the I got I got revitalized when I heard that hopefully there'll be some definitive information about the southampton show and dates and all that stuff hopefully fingers crossed you know because that's been a source of anxiety for me but yeah I think it's you know it's really interesting and giovanna really appreciate you putting together the brooklyn exhibition the pop-up show you know I you know I really like to do that again I try to coordinate their I want to say play some upper west side it's called blockchain center I went to their event it's they have a lot of like a bitcoin event and it's a it's on the ground floor this is also I still try to do more our event even just pop up but I think it's some really decent people there's a very sincere art collector nft art collectors they were there and they all really like really young like 20 it's all like a 20 something and they just try to just want to learn more and they really appreciate that they can see all type of art so I'll try to do more this year do you know if the thing that you're you put together with your colleagues is that's happening tomorrow night, is that an open Zoom event or is that just for the people that Lucia is bringing in?",
M10,salon,36,Seungjin Lee & Dalton Portella,0:02,Davonte Bradley,Tech Freshness,"And hello, hello, hello, and welcome to our Tech Freshness Virtual Salon.",
M11,salon,37,Diana de Avila & Patrick Lichty,1:24:47,Patrick Lichty,text expression,"Well, you can sit consider the text expression is still life I can, I mean the thing is that it never went away.",
M12,salon,38,Steve Miller & Lee Day,54:12,Lee Day,tech expression,"I mean, I think that really fits sort of this tech expression thing.",
M13,salon,43,FEMME TECH,0:07,Roz Dimon,tech salon,"I'm Roz Dimon, and welcome to fem tech salon as part of the Techspressionism digital and beyond exhibition at the Southampton Art Center that has now been extended through July 24.",
M14,salon,43,FEMME TECH,2:22,Roz Dimon,tech salon,And I must say I find it what an interesting day to be having this fem tech salon where we celebrate that feminine spirit because at the same time we have our government trying to take women's rights away rather novel thing that's happening in our Constitution.,
M15,salon,44,East End Tech,1:22:39,Colin Goldberg,text expression,"I would like to just pose this question to any of the presenters that would want to answer is how do you, maybe in one sentence, how do you personally relate to the, to the idea of text expression?",
M16,salon,49,Movement,51:54,Colin Goldberg,text expressions,"Yeah, you know, or, you know, the account, because of the character limit is at text expressions.",
M17,salon,49,Movement,1:16:22,Renata Janiszewska,text expressions,It's text expressions.,
M18,salon,52,Art and Physics,31:01,Paul D. Miller aka DJ Spooky,text expression,"Now, for the text expression exhibition that Colin curated, I put together a painting using a series of equations coming out of both Schrodinger and Heisenberg in their engagements with later developments, which would now be called quantum entanglement.",
M19,salon,58,Dreams,11:04,Renata Janiszewska,tech expression,"So this could be tech expression, which I think I have to show.",
M20,salon,58,Dreams,14:46,Harvey Birnbaum,tech expression,"And he called me up and he said, you know, I think your work is this tech expression.",
M21,salon,58,Dreams,25:42,Harvey Birnbaum,text expression,"Square feet and that is going to be going at full advertisement in these next few weeks and I will I will post the name of the galleries over here in the chat room in the chat room probably you can take a look at it study get familiar with it and if you like it go for it I encourage all of you to do it I think you have a very good work all of you have excellent work I'd love to look into it jay jamie correct what was the name of the gallery again how do I get in touch with you yeah I'm going to put a post in here in the chat room and I'm going to copy the links to the two galleries that one is one is long island city artists and the other one is culture love we have we have events every week and you're going to get spoiled if you like it so I would like to invite all of you to join this artwork it's live performances artwork sculptures it's you name it so and when I'm one of them then you like to advise what to do sounds great thank you thank you for sharing those resources with this I'm going to post in a few seconds what I can do for you guys okay thank you so much and back to harvey's presentation but again you very much fit in here so you are your work is very much you know a part of I think the Techspressionism ideal or not ideal but the spirit of expressionism because that's what I call it on my portfolio website techspression but underneath I did write abstract because I don't know how many people know about text expression expression we're working on that well maybe I can help yeah go for it that's what it's all about is people who identify with the idea and you know being able to tell you tell us about the idea of Techspressionism and I think that's really important One person, you know, I describe my work as Techspressionist.",
M22,salon,58,Dreams,28:19,Harvey Birnbaum,tech expression,"You know, a lot of people add that extra syllable in there, like tech expression.",
M23,salon,58,Dreams,54:52,R. Gopakumar,tech expressions,"I am planning to create a collaborative partnership with engineers, musicians, scientists, dancers and theorists to create more conceptual tech expressions, experimental immersive art.",
M24,salon,60,Media Platforms,1:20:17,Lucy Boyd-Wilson,tech expression,"You know, concept around tech expression ism that people want to.",
M25,salon,60,Media Platforms,1:20:30,Lucy Boyd-Wilson,tech expression,"You know, we're tech expression ism was.",
M26,salon,61,Open Studios,1:08:36,Renata Janiszewska,text expressions,She's curated a show of animations with a number of text expressions.,
M27,salon,69,Monochrome,0:04,Michael Pierre Price // Phoenix AZ USA,Text expression,"My name is Colin Goldberg, and welcome to the Colin Goldberg, M.D.: Text expression is salon number sixty-nine.",
M28,salon,74,Taking Stock: Open Mic,29:25,Cynthia Beth Rubin,text expression,"I just wanted to add for the people that are watching this on a recording, or if you're in the room, there is a link on the text expression is a homepage for virtual coworking.",
M29,salon,79,: Photography,0:43,Renata Janiszewska,text expressions,"And I'd like to say, thank you to Cynthia, Beth Rubin for setting that up for us, and also for all her efforts that she makes to make text expressions in a truly global and inclusive community.",
M30,salon,79,: Photography,1:11,Renata Janiszewska,text expression,"Or you can get to it also through the link in Bio, in the text expression, is this Instagram account?",
M31,salon,97,Creative Coding,28:55,Allen Hirsh,texpressions,Thank the texpressions leadership for the opportunity.,
M32,salon,104,"History, Theory, Connectivity",55:34,Stephen Carpenter,tech expression,And I think that's one of the things about… that I'm so happy about with tech… tech expression.,
M33,salon,110,Loop Art Critique,13:52,Ariel Baron-Robbins,tech expression,"Since then, we've actually gotten a Knight grant, which is a tech expression grant, which has given us a lot of new capabilities, and we also, like I said before, we are now part of a museum called the Institute of Contemporary Art.",
M34,interview,8,Steve Miller,53:14,Steve Miller,tech expression,"I mean, I think the tech expression and his ideas that something that we, that we previously thought like computers and NFT, like we, we have this idea, Oh, this is really cold.",
M35,interview,14,Carter Hodgkin,31:31,Roz Dimon,tech expressions,"And being part of what I would say the early.com, which, you know, we in tech expressions and we have a lot of young compatriots there younger.",
M36,interview,16,Paul D. Miller aka DJ Spooky that Subliminal Kid,0:44,Paul D. Miller aka DJ Spooky that Subliminal Kid,text expression,"And Colin, it's been real, you know, interesting to get a chance to see the evolution of what you're doing with this whole text expression scenario.",
M37,interview,25,Verneda Lights,35:51,Verneda Lights,tech expression,The tech expression is community.,
M38,presentation,9,Technology and Art with Colin Goldberg,56:15,Colin Goldberg,tech expression,"You know, I was, I just finished my MFA in computer art over at Bowling Green and actually Patrick Lichty who's a co-founder of the tech expression group was another another MFA computer arts student in that program with me.",
