id,video_id,old,new
interview-001,JZFDck9gwH8,/archive/interview-001/,/archive/interview-001-colin-goldberg/
interview-002,2JTyaVoXMsQ,/archive/interview-002/,/archive/interview-002-anne-spalter/
interview-003,DJDMQvtiOQU,/archive/interview-003/,/archive/interview-003-roz-dimon/
interview-004,Hjej663DEjw,/archive/interview-004/,/archive/interview-004-joseph-nechvatal/
interview-005,qE6D2wrr1rU,/archive/interview-005/,/archive/interview-005-davonte-bradley/
interview-006,a5h-eBQYrks,/archive/interview-006/,/archive/interview-006-patrick-lichty/
interview-007,XLRoHnYg1dA,/archive/interview-007/,/archive/interview-007-michael-pierre-price/
interview-008,--L1ziEx3-A,/archive/interview-008/,/archive/interview-008-steve-miller/
interview-009,YaKIk32mYWw,/archive/interview-009/,/archive/interview-009-andrea-bonaceto/
interview-010,rO6UdqwFKFc,/archive/interview-010/,/archive/interview-010-brandon-gellis/
interview-011,nGPCwUZj9fs,/archive/interview-011/,/archive/interview-011-michael-rees/
interview-012,m6ca8UoF49M,/archive/interview-012/,/archive/interview-012-gregory-little/
interview-013,w6fW5oWbBdk,/archive/interview-013/,/archive/interview-013-cee-moses/
interview-014,DEIe5Z44tx0,/archive/interview-014/,/archive/interview-014-carter-hodgkin/
interview-015,aP2x9m5GMak,/archive/interview-015/,/archive/interview-015-darcy-gerbarg/
interview-016,sqMzJArwmhg,/archive/interview-016/,/archive/interview-016-paul-d-miller-aka-dj-spooky-that-subliminal-kid/
interview-017,k1kO0JSzqc8,/archive/interview-017/,/archive/interview-017-tommy-mintz/
interview-018,Jb-J_QTgufM,/archive/interview-018/,/archive/interview-018-randi-matushevitz/
interview-019,lXCEgu2Iz5k,/archive/interview-019/,/archive/interview-019-malavika-mandal-andrew/
interview-020,kfGb9OWyXEM,/archive/interview-020/,/archive/interview-020-renata-janiszewska/
interview-021,ywYWdI922tI,/archive/interview-021/,/archive/interview-021-victor-acevedo/
interview-022,FDFxHrpDvEI,/archive/interview-022/,/archive/interview-022-karen-lafleur/
interview-023,GReJ-zgJz-o,/archive/interview-023/,/archive/interview-023-suzanne-anker/
interview-024,RoCFEGxcw4Y,/archive/interview-024/,/archive/interview-024-frank-gillette/
interview-025,8x8eIkbpHws,/archive/interview-025/,/archive/interview-025-verneda-lights/
interview-026,iQL826mqyFg,/archive/interview-026/,/archive/interview-026-nina-sobell/
interview-027,Jj66toeEM0Q,/archive/interview-027/,/archive/interview-027-cari-ann-shim-sham/
interview-028,xkfYnuTP2zA,/archive/interview-028/,/archive/interview-028-sasha-stiles/
interview-029,4kHuGtuLoSY,/archive/interview-029/,/archive/interview-029-claudia-hart/
interview-030,Q-4Co29bgiM,/archive/interview-030/,/archive/interview-030-carla-gannis/
presentation-001,z8fZvhQgl80,/archive/presentation-001/,/archive/presentation-001-digital-painting-and-drawing-1/
presentation-002,GvAkzINQBT8,/archive/presentation-002/,/archive/presentation-002-ai-as-creative-collaborator/
presentation-003,DtGglnJ4mdI,/archive/presentation-003/,/archive/presentation-003-collaborations-between-artists-and-scientists/
presentation-004,9u3WpSKe3bM,/archive/presentation-004/,/archive/presentation-004-digital-painting-and-drawing-2/
presentation-005,XgXtLT1I-T4,/archive/presentation-005/,/archive/presentation-005-moving-images-sequencing-as-visual-expression/
presentation-006,V3NO6tMIiPU,/archive/presentation-006/,/archive/presentation-006-digital-photography/
presentation-007,lW17XAepKs4,/archive/presentation-007/,/archive/presentation-007-how-technology-changes-artist-interactions-with/
presentation-008,1OgIwvY5_F4,/archive/presentation-008/,/archive/presentation-008-digital-sculpture-and-world-creation/
presentation-009,8aQDDA-u0io,/archive/presentation-009/,/archive/presentation-009-technology-and-art-with-colin-goldberg/
roundtable-001,-8Glurhxyms,/archive/roundtable-001/,/archive/roundtable-001-curators-in-conversation/
roundtable-002,S_q30BIvh8c,/archive/roundtable-002/,/archive/roundtable-002-approach/
roundtable-003,_oxmBXSdyNk,/archive/roundtable-003/,/archive/roundtable-003-science-and-art-part-one/
roundtable-004,4HfJCnIp8XE,/archive/roundtable-004/,/archive/roundtable-004-science-and-art-part-two/
roundtable-005,BphNOUbReFs,/archive/roundtable-005/,/archive/roundtable-005-four-techspressionist-artists/
roundtable-006,lVI5UE-AD9E,/archive/roundtable-006/,/archive/roundtable-006-founders-five-years-later/
salon-008,lxunnn1tM5M,/archive/salon-008/,/archive/salon-008-pons-sun-andrew-pointer-boyd-wilson-lafleur/
salon-009,wyAHD-HTAfM,/archive/salon-009/,/archive/salon-009-dimon-kralikova-lichty-kell-moses/
salon-010,2stJTcEAhGY,/archive/salon-010/,/archive/salon-010-spalter-gerbarg-karver-gellis-bradley/
salon-011,e5dH26wP9gk,/archive/salon-011/,/archive/salon-011-miller-henderson-woods-swinburne-kralikova/
salon-012,colPPMiP6gk,/archive/salon-012/,/archive/salon-012-carter-hodgkin-michael-rees-colin-goldberg-michael/
salon-013,b4hmMbnUuKE,/archive/salon-013/,/archive/salon-013-negin-ehtesabian-diane-marsella-sue-beyer/
salon-014,MZ7JzodmmIA,/archive/salon-014/,/archive/salon-014-susan-de-troy-sherry-karver-deann-stein-hasinoff/
salon-015,rwlq9lFhe18,/archive/salon-015/,/archive/salon-015-andrea-bonaceto-tommy-mintz-clive-holden/
salon-016,syXkJWTwCJc,/archive/salon-016/,/archive/salon-016-randi-matushevitz-gary-hopkins-roz-dimon/
salon-017,UE3rbE3XMf0,/archive/salon-017/,/archive/salon-017-michael-pierre-price-greggory-hill-michael-pointer/
salon-018,wvwrqw0MRfI,/archive/salon-018/,/archive/salon-018-paul-d-miller-aka-dj-spooky-that-subliminal-kid-and-ap/
salon-019,mA3da8lu0iU,/archive/salon-019/,/archive/salon-019-gregory-little-and-lee-musgrave/
salon-020,Hhm4t38sjUA,/archive/salon-020/,/archive/salon-020-victor-acevedo-and-christine-sciulli/
salon-021,CtSAsaLkmtQ,/archive/salon-021/,/archive/salon-021-cynthia-beth-rubin-and-renata-janiszewska/
salon-022,sbMbH55efqM,/archive/salon-022/,/archive/salon-022-lorin-roser-and-nina-kuo-and-emma-anne-johnson/
salon-023,pmau5CDJUiQ,/archive/salon-023/,/archive/salon-023-rebecca-tombaugh-and-cynthia-didonato/
salon-024,fEWi09zryY0,/archive/salon-024/,/archive/salon-024-malavika-mandal-andrew-and-lee-schnaiberg/
salon-025,BbLPmZfJVOs,/archive/salon-025/,/archive/salon-025-lights-gerbarg-stein-hasinoff-bradley-tintin23x/
salon-026,cYU7eKBcCto,/archive/salon-026/,/archive/salon-026-collab-2-exhibition-opening-reception/
salon-027,QrGxzCL_ScA,/archive/salon-027/,/archive/salon-027-davonte-davo-bradley-and-holly-gordon/
salon-028,fFUTukSn4gw,/archive/salon-028/,/archive/salon-028-tommy-mintz-and-stephanie-sydney/
salon-029,ADjcjvSQViE,/archive/salon-029/,/archive/salon-029-techspressionism-2021-opening/
salon-030,t0JhtlP3olQ,/archive/salon-030/,/archive/salon-030-sahar-moussavi-and-skywaterr/
salon-031,7dDowJIxuJw,/archive/salon-031/,/archive/salon-031-cee-moses-niftorian-and-dubwoman/
salon-032,CbqAI1PKEkY,/archive/salon-032/,/archive/salon-032-roz-dimon-lovid-moritz-albrecht-colin-goldberg/
salon-033,dJbRASddqhg,/archive/salon-033/,/archive/salon-033-david-bloom-lindsay-kokoska-nina-sobell/
salon-034,lUmGsX0p78E,/archive/salon-034/,/archive/salon-034-old-school-open-mic-with-robert-dugrenier/
salon-035,b8yrqPIj934,/archive/salon-035/,/archive/salon-035-lily-kostrzewa-prince-magnolia-x-st-rivera-michael/
salon-036,l52RGfTiatE,/archive/salon-036/,/archive/salon-036-seungjin-lee-and-dalton-portella/
salon-037,1hehNivSYTo,/archive/salon-037/,/archive/salon-037-diana-de-avila-and-patrick-lichty/
salon-038,ufGrnsSaMQo,/archive/salon-038/,/archive/salon-038-steve-miller-and-lee-day/
salon-039,2KEDFrtlQTY,/archive/salon-039/,/archive/salon-039-old-school-open-mic-obsolescence/
salon-040,Z-RFTbQ7GF8,/archive/salon-040/,/archive/salon-040-collage-show-and-tell/
salon-041,XUBL7L41hjA,/archive/salon-041/,/archive/salon-041-climate-show-and-tell/
salon-042,QcotNCjBuIQ,/archive/salon-042/,/archive/salon-042-techspressionism-digital-and-beyond-international/
salon-043,KyBLFghq4N0,/archive/salon-043/,/archive/salon-043-femme-tech/
salon-044,PecHOYGSnWY,/archive/salon-044/,/archive/salon-044-east-end-tech/
salon-045,pxavr84wDJs,/archive/salon-045/,/archive/salon-045-and-beyond-show-and-tell/
salon-046,xo2ql3MgJlw,/archive/salon-046/,/archive/salon-046-weird-media/
salon-047,ggbxdDYOEz4,/archive/salon-047/,/archive/salon-047-materiality/
salon-048,WCOXAr5_wdE,/archive/salon-048/,/archive/salon-048-adaptation/
salon-049,iVP63DGbCGY,/archive/salon-049/,/archive/salon-049-movement/
salon-050,zj79kXJHdFU,/archive/salon-050/,/archive/salon-050-output-and-fabrication/
salon-051,xTm1wXYzdCI,/archive/salon-051/,/archive/salon-051-ai-engines-friend-or-foe/
salon-052,LuFuRGhgnmQ,/archive/salon-052/,/archive/salon-052-art-and-physics/
salon-053,ACwcZ2XHb9E,/archive/salon-053/,/archive/salon-053-photography-and-media-confluence/
salon-054,NFt4AfP-aRA,/archive/salon-054/,/archive/salon-054-open-studios/
salon-055,sfMxOAC97Yo,/archive/salon-055/,/archive/salon-055-the-nft-space/
salon-056,I7-nXjL2koA,/archive/salon-056/,/archive/salon-056-cultural-influences/
salon-057,Q_5yvTBIL5M,/archive/salon-057/,/archive/salon-057-nightmares/
salon-058,7zhZis1d3po,/archive/salon-058/,/archive/salon-058-dreams/
salon-059,M3lz4NxC8N4,/archive/salon-059/,/archive/salon-059-ai-trends-and-issues/
salon-060,Iu25Pv7EqK0,/archive/salon-060/,/archive/salon-060-media-platforms/
salon-061,axa3_RqLoWw,/archive/salon-061/,/archive/salon-061-open-studios/
salon-062,k8Prps3LUKE,/archive/salon-062/,/archive/salon-062-art-pirates/
salon-063,j-nNutQp8wc,/archive/salon-063/,/archive/salon-063-breaking-borders/
salon-064,hyYpGwwt2G0,/archive/salon-064/,/archive/salon-064-layers/
salon-065,qBc4IjFobIg,/archive/salon-065/,/archive/salon-065-revolution/
salon-066,UBx4LDG--60,/archive/salon-066/,/archive/salon-066-mediums/
salon-067,-m_aiHkazGI,/archive/salon-067/,/archive/salon-067-untitled/
salon-068,vMQWnv70FvA,/archive/salon-068/,/archive/salon-068-appropriation/
salon-069,90wRPqAgA98,/archive/salon-069/,/archive/salon-069-monochrome/
salon-070,GW0Vig0R8wA,/archive/salon-070/,/archive/salon-070-learning-through-making/
salon-071,rYpn_GAV3I4,/archive/salon-071/,/archive/salon-071-growth/
salon-072,zsJAhBFVn5s,/archive/salon-072/,/archive/salon-072-environment/
salon-073,oimOOlyY0BY,/archive/salon-073/,/archive/salon-073-counterpoint/
salon-074,IzL0mVtw8do,/archive/salon-074/,/archive/salon-074-taking-stock-open-mic/
salon-075,UwkMNkLGZ6Q,/archive/salon-075/,/archive/salon-075-falling-leaves/
salon-076,ni_Sr6-zBXg,/archive/salon-076/,/archive/salon-076-phreaking/
salon-077,e58ctMQ-ccc,/archive/salon-077/,/archive/salon-077-december-7-2023/
salon-078,fEzz3PiADrU,/archive/salon-078/,/archive/salon-078-january-4-2024/
salon-079,AXCiQqjVHyA,/archive/salon-079/,/archive/salon-079-photography/
salon-080,EoF3pT-iZSg,/archive/salon-080/,/archive/salon-080-march-7-2024/
salon-081,VfiH4ayJbGE,/archive/salon-081/,/archive/salon-081-april-4-2024/
salon-082,Lc0jSsfTb9A,/archive/salon-082/,/archive/salon-082-april-4-2024/
salon-083,ekZHtu7TM9Q,/archive/salon-083/,/archive/salon-083-influences/
salon-084,9uB83V9qp8M,/archive/salon-084/,/archive/salon-084-independence/
salon-085,OdbOncqxQ7s,/archive/salon-085/,/archive/salon-085-perspective/
salon-086,vE2cOCt7b0o,/archive/salon-086/,/archive/salon-086-hello-brooklyn/
salon-087,RFWaEX_2QPk,/archive/salon-087/,/archive/salon-087-wild-and-newfangled-techspressionism/
salon-088,htDS7UsZjyA,/archive/salon-088/,/archive/salon-088-education/
salon-089,gesSwVo36wo,/archive/salon-089/,/archive/salon-089-mariniana/
salon-090,o7pyuyo35iU,/archive/salon-090/,/archive/salon-090-origins-part-one/
salon-091,5RXM-lkRkhI,/archive/salon-091/,/archive/salon-091-origins-part-two/
salon-092,bdzAVjhHPaw,/archive/salon-092/,/archive/salon-092-breaking-ai/
salon-093,PrrvyUZvD5k,/archive/salon-093/,/archive/salon-093-live-from-cape-cod/
salon-094,npycONiSa_c,/archive/salon-094/,/archive/salon-094-150-media-stream-chicago/
salon-095,LntR7Bo5jmA,/archive/salon-095/,/archive/salon-095-live-from-chelsea/
salon-096,VaKW4Gnh9eE,/archive/salon-096/,/archive/salon-096-open-studios/
salon-097,w6dn7xxG6ds,/archive/salon-097/,/archive/salon-097-creative-coding/
salon-098,3JOMa_JYp9s,/archive/salon-098/,/archive/salon-098/
salon-099,1cuvfkJw3rs,/archive/salon-099/,/archive/salon-099-floating-questions/
salon-100,XpQRmDG0f5s,/archive/salon-100/,/archive/salon-100-hello-uzbekistan/
salon-101,l9TiCHiOgpQ,/archive/salon-101/,/archive/salon-101-open-mic/
salon-102,VxS9DBtseCE,/archive/salon-102/,/archive/salon-102-art-science-intra-action/
salon-103,QT6X7WrTTmA,/archive/salon-103/,/archive/salon-103-generative-ai/
salon-104,7zk9GzgaLvs,/archive/salon-104/,/archive/salon-104-history-theory-connectivity/
salon-105,P-sfs-tCkgw,/archive/salon-105/,/archive/salon-105-every-woman-biennial/
salon-106,kAXUgOIUjw0,/archive/salon-106/,/archive/salon-106-france/
salon-107,xm747MwGbiA,/archive/salon-107/,/archive/salon-107-new-artists/
salon-108,RSGBYaBbWgg,/archive/salon-108/,/archive/salon-108-los-angeles-and-beyond/
salon-109,w8IHfgE2veI,/archive/salon-109/,/archive/salon-109-open-mic-august-2026/
salon-110,pMRthFj7aw4,/archive/salon-110/,/archive/salon-110-loop-art-critique/
