/archive/artist/morgan-harper-nichols/,/archive/artists/,301,plain
/archive/artist/giuliano-comperato/,/archive/artist/void-sign/,301,plain
/archive/artist/ariel-barron-robbins/,/archive/artist/ariel-baron-robbins/,301,plain
/archive/artist/stephanie-beroes/,/archive/artists/,301,plain
/archive/artist/steohen-carpenter/,/archive/artist/stephen-carpenter/,301,plain
/archive/artist/clay-campbell/,/archive/artist/clayton-campbell/,301,plain
/archive/artist/seth-c/,/archive/artists/,301,plain
/archive/artist/pen-and-brush/,/archive/artist/erin-ko/,301,plain
/archive/artist/cory-feco/,/archive/artists/,301,plain
/archive/artist/andy-warhol/,/archive/artists/,301,plain
