salon_number,path,ext,size_bytes
,ANDREA/GMT20210331-160450_Recording.m4a,m4a,34077720
,ANDREA/GMT20210331-160450_Recording_1760x900.mp4,mp4,291076094
,ANDREA/GMT20210331-160450_Recording_gallery_1760x900.mp4,mp4,216022095
,ANDREA/andrea_interview_square.psd,psd,19121705
,ANNE/spalter.jpg,jpg,803331
,ANNE/spalter.png,png,2887775
,ANNE/spalter_goldberg_interview_012721_gallery.mp4,mp4,650370049
,ANNE/spalter_goldberg_interview_012721_speaker.mp4,mp4,1024459480
,BRANDON/GELLIS_SQUARE.psd,psd,22389936
,BRANDON/GMT20210331-183949_Recording.m4a,m4a,70347009
,BRANDON/GMT20210331-183949_Recording_2346x1104.mp4,mp4,1160129558
,BRANDON/GMT20210331-183949_Recording_gallery_2346x1104.mp4,mp4,862185036
,BRANDON/gellis.jpg,jpg,133038
,CARI ANN/Adobe Premiere Pro Auto-Save/Untitled--190f3272-8865-f976-aa13-3346b8255c58-2024-10-08_15-41-18.prproj,prproj,20954
,CARI ANN/Adobe Premiere Pro Auto-Save/cariann--2eb72a11-8bb5-0894-e20b-0aad59140a26-2024-09-30_17-49-07.prproj,prproj,13828
,CARI ANN/GMT20240930-160751_Recording.m4a,m4a,79906144
,CARI ANN/GMT20240930-160751_Recording.transcript.vtt,vtt,106623
,CARI ANN/GMT20240930-160751_Recording_1802x938.mp4,mp4,521555123
,CARI ANN/GMT20240930-160751_Recording_gallery_1802x938.mp4,mp4,413383442
,CARI ANN/Untitled.prproj,prproj,6089
,CARI ANN/cariann.jpg,jpg,129084
,CARI ANN/cariann.prproj,prproj,6322
,CARI ANN/cariann.psd,psd,9794802
,CARLA/GMT20260921-130856_Recording.m4a,m4a,42911880
,CARLA/GMT20260921-130856_Recording.transcript.vtt,vtt,90790
,CARLA/GMT20260921-130856_Recording_1920x1080.mp4,mp4,448703495
,CARLA/GMT20260921-130856_Recording_gallery_1920x1080.mp4,mp4,279630896
,CARLA/carla.jpg,jpg,219541
,CARLA/carla.psd,psd,4886720
,CARTER/Roz Dimon interviews Carter Hodgkin.mp4,mp4,144574506
,CARTER/carter.jpg,jpg,68095
,CARTER/carter_interview_square.psd,psd,6402998
,CEE/Cee Moses interviewed by Davo Bradley_ Techspressionist Artist Interview Series #13.mp4,mp4,253926920
,CEE/cee.jpg,jpg,107903
,CEE/cee_interview_square.psd,psd,14378090
,CLAUDIA/GMT20251208-162418_Recording.m4a,m4a,59865546
,CLAUDIA/GMT20251208-162418_Recording.transcript.vtt,vtt,116720
,CLAUDIA/GMT20251208-162418_Recording_3840x2160.mp4,mp4,1984037705
,CLAUDIA/GMT20251208-162418_Recording_gallery_3840x2160.mp4,mp4,1347771167
,CLAUDIA/PRE-INTERVIEW_CHAT/GMT20251203-203229_Recording.m4a,m4a,36602403
,CLAUDIA/PRE-INTERVIEW_CHAT/GMT20251203-203229_Recording.transcript.vtt,vtt,71963
,CLAUDIA/PRE-INTERVIEW_CHAT/GMT20251203-203229_Recording_1920x1118.mp4,mp4,702878292
,CLAUDIA/PRE-INTERVIEW_CHAT/GMT20251203-203229_Recording_gallery_1920x1118.mp4,mp4,430930563
,CLAUDIA/PRE-INTERVIEW_CHAT/GMT20251203-214559_Recording.m4a,m4a,34846233
,CLAUDIA/PRE-INTERVIEW_CHAT/GMT20251203-214559_Recording.transcript.vtt,vtt,79010
,CLAUDIA/PRE-INTERVIEW_CHAT/GMT20251203-214559_Recording_1920x1118.mp4,mp4,385915208
,CLAUDIA/PRE-INTERVIEW_CHAT/GMT20251203-214559_Recording_gallery_1920x1118.mp4,mp4,285770521
,CLAUDIA/PRE-INTERVIEW_CHAT/GMT20251203-214559_RecordingnewChat.txt,txt,1062
,CLAUDIA/claudia.jpg,jpg,83126
,CLAUDIA/claudia.psd,psd,6461977
,CLAUDIA/claudia.txt,txt,948
,COLIN/GOLDBERG_INTERVIEW_012221.PNG,png,528226
,DARCY/Darcy Gerbarg interviewed by Roz Dimon.mp4,mp4,138193898
,DARCY/darcy_interview_square.psd,psd,18224590
,DARCY/gerbarg.jpg,jpg,111115
,DAVO/GMT20210211-183337_Techspress.m4a,m4a,217685
,DAVO/GMT20210211-183337_Techspress_640x360.mp4,mp4,710600
,DAVO/GMT20210211-191521_Techspress.m4a,m4a,86181631
,DAVO/GMT20210211-191521_Techspress_1920x1080.mp4,mp4,759764077
,DAVO/GMT20210211-191521_Techspress_gallery_1920x1080.mp4,mp4,502903381
,DAVO/davo.jpg,jpg,204263
,DAVO/davo_interview.jpg,jpg,276039
,DAVO/davo_interview.psd,psd,18624108
,FRANK/FRANK_GILLETTE_INTERVIEWED_BY_HELEN_HARRISON.mp4,mp4,282977620
,FRANK/FRANK_GILLETTE_INTERVIEWED_BY_HELEN_HARRISON.psd,psd,14191735
,FRANK/FRANK_GILLETTE_INTERVIEWED_BY_HELEN_HARRISON_WP.jpg,jpg,192435
,FRANK/FRANK_GILLETTE_INTERVIEWED_BY_HELEN_HARRISON_YT.jpg,jpg,368301
,FRANK/GMT20220228-190048_Recording.m4a,m4a,41909471
,FRANK/GMT20220228-190048_Recording_640x360.mp4,mp4,205667560
,GREG/Techspressionism Interview Lichty Interviewing Little.mp4,mp4,395804483
,GREG/greg.jpg,jpg,62842
,GREG/greg_interview_square.psd,psd,15617352
,JOSEPH/Adobe Premiere Pro Auto-Save/nechvatal_interview-2021-06-16_16-28-53.prproj,prproj,94754
,JOSEPH/Adobe Premiere Pro Auto-Save/nechvatal_interview.prproj,prproj,94754
,JOSEPH/DISC_04_nechvatal_interview.m4v,m4v,1222735673
,JOSEPH/GMT20211012-180653_Recording_2524x1398.mp4,mp4,58533190
,JOSEPH/GOLDBERG_NFT_holism_v2.mp4,mp4,9423514
,JOSEPH/Untitled.prproj,prproj,87021
,JOSEPH/nechvatal_interview.mp4,mp4,1744558959
,JOSEPH/nechvatal_interview.png,png,1310535
,JOSEPH/nechvatal_interview.prproj,prproj,94754
,JOSEPH/nechvatal_interview.psd,psd,942214
,KAREN/Karen LaFleur interviewed by Roz Dimon.mp4,mp4,172980663
,KAREN/karen.jpg,jpg,277257
,KAREN/karen.psd,psd,23593105
,KAREN/karen_WP.jpg,jpg,151575
,KAREN/karen_YT.jpg,jpg,151575
,MALAVIKA/malavika_interview_square.psd,psd,10860227
,MALAVIKA/malavika_interview_square_IG.psd,psd,10872559
,MALAVIKA/malavika_interview_square_IG_v2.psd,psd,10872658
,MICHAEL/GMT20210406-181518_Recording.m4a,m4a,71109867
,MICHAEL/GMT20210406-181518_Recording_2560x1440.mp4,mp4,642052022
,MICHAEL/GMT20210406-181518_Recording_gallery_2560x1440.mp4,mp4,474838005
,MICHAEL/rees_interview_square_promo.psd,psd,21642275
,NINA/NINA SOBELL INTERVIEW (1).mp4,mp4,1695784541
,NINA/sobell.jpg,jpg,112418
,NINA/sobell_YT.jpg,jpg,228257
,PATRICK/GMT20210217-200859_Techspress.m4a,m4a,56971544
,PATRICK/GMT20210217-200859_Techspress_1760x834.mp4,mp4,269133674
,PATRICK/GMT20210217-200859_Techspress_gallery_1760x834.mp4,mp4,225335268
,PATRICK/lichty_interview.jpg,jpg,264449
,PATRICK/lichty_interview.psd,psd,16107658
,PATRICK/patrick.jpg,jpg,70308
,PAUL/GMT20210609-170504_Recording.m4a,m4a,8515913
,PAUL/GMT20210609-170504_Recording_640x360.mp4,mp4,29673311
,PAUL/GMT20210609-170504_Recording_gallery_1280x720.mp4,mp4,35647402
,PAUL/GMT20210609-171443_Recording.m4a,m4a,33380046
,PAUL/GMT20210609-171443_Recording_1686x950.mp4,mp4,403751901
,PAUL/paul_colin_interview.jpg,jpg,76542
,PAUL/paul_interview_square.psd,psd,16447283
,PAUL/paul_miller_interview_060921.mp4,mp4,217689498
,RANDI/Randi Matushevitz interviewed by Roz Dimon_ Techspressionist Artist Interview Series #16.mp4,mp4,188198904
,RANDI/randi.jpg,jpg,95609
,RANDI/randi_interview.psd,psd,95609
,RANDI/randi_interview_square.psd,psd,9129470
,RENATA/Renata Janiszewska interviewed by Michael Pierre Price.mp4,mp4,365662518
,RENATA/Renata_Janiszewska_square.psd,psd,38185534
,RENATA/renata.jpg,jpg,107260
,RENATA/renata.psd,psd,4220671
,ROZ/Roz Dimon interviewed by Michael Pierre Price_ Techspressionist Artist Interview Series #4.mp4,mp4,215153193
,ROZ/dimon_interview.png,png,1388144
,ROZ/dimon_interview.psd,psd,16811464
,SASHA/Adobe Premiere Pro Auto-Save/sasha--27df5616-238a-082c-a992-638657554730-2025-05-06_12-39-32.prproj,prproj,6364
,SASHA/Adobe Premiere Pro Auto-Save/sasha--27df5616-238a-082c-a992-638657554730-2025-05-06_14-38-54.prproj,prproj,13614
,SASHA/Adobe Premiere Pro Auto-Save/sasha--27df5616-238a-082c-a992-638657554730-2025-05-06_14-59-43.prproj,prproj,23199
,SASHA/GMT20250506-140813_Recording.m4a,m4a,75666130
,SASHA/GMT20250506-140813_Recording.transcript.vtt,vtt,90661
,SASHA/GMT20250506-140813_Recording_1350x804.mp4,mp4,599876326
,SASHA/GMT20250506-140813_Recording_gallery_1350x804.mp4,mp4,358758109
,SASHA/sasha.jpg,jpg,478668
,SASHA/sasha.prproj,prproj,23198
,SASHA/sasha.psd,psd,38005711
,SASHA/sasha_stiles_techspressionism_interview.mp4,mp4,5361000091
,STEVE/Steve Miller interviewed by Roz Dimon_ Techspressionist Artist Interview Series #8.mp4,mp4,309561034
,STEVE/miller_interview.jpg,jpg,292311
,STEVE/miller_interview_featured.jpg,jpg,73957
,SUZANNE/Adobe Premiere Pro Auto-Save/SUZANNE_ANKER_INTERVIEWED_BY_HELEN_HARRISON-2022-02-28_15-17-03.prproj,prproj,13764
,SUZANNE/Adobe Premiere Pro Auto-Save/SUZANNE_ANKER_INTERVIEWED_BY_HELEN_HARRISON.prproj,prproj,13764
,SUZANNE/GMT20220228-180818_Recording.m4a,m4a,34235582
,SUZANNE/GMT20220228-180818_Recording_2560x1440.mp4,mp4,408197656
,SUZANNE/GMT20220228-180818_Recording_gallery_2560x1440.mp4,mp4,278208407
,SUZANNE/SUZANNE_ANKER_INTERVIEWED_BY_HELEN_HARRISON.mp4,mp4,728373613
,SUZANNE/SUZANNE_ANKER_INTERVIEWED_BY_HELEN_HARRISON.prproj,prproj,13764
,SUZANNE/suzanne_WP.jpg,jpg,69536
,SUZANNE/suzanne_WP.psd,psd,5401988
,SUZANNE/suzanne_YT.jpg,jpg,132736
,SUZANNE/suzanne_YT.psd,psd,13151099
,TOMMY/Tommy Mintz interviewed by Michael Pierre Price.mp4,mp4,264233703
,TOMMY/tommy_mintz_interview_061721.jpg,jpg,78794
,TOMMY/tommy_mintz_square.jpg,jpg,247324
,TOMMY/tommy_mintz_square.psd,psd,31547095
,VERNEDA/GMT20230203-190422_Recording.m4a,m4a,61254859
,VERNEDA/GMT20230203-190422_Recording_1746x798.mp4,mp4,502138075
,VERNEDA/GMT20230203-190422_Recording_gallery_1746x798.mp4,mp4,395536365
,VERNEDA/ZIIN/GMT20230203-190422_Recording.m4a,m4a,61254859
,VERNEDA/ZIIN/GMT20230203-190422_Recording_1746x798.mp4,mp4,502138075
,VERNEDA/ZIIN/GMT20230203-190422_Recording_gallery_1746x798.mp4,mp4,395536365
,VERNEDA/gullah me 2.0 nft verneda lights presentation cover.pdf,pdf,7812491
,VERNEDA/gullah me vlights aniconic frontispiece verneda lights 10282022.jpeg,jpeg,50227
,VERNEDA/verneda_lights_interview.jpg,jpg,375004
,VERNEDA/verneda_lights_interview.psd,psd,11294246
,VICTOR/Adobe Premiere Pro Auto-Save/VIC-2022-01-08_07-17-15.prproj,prproj,13401
,VICTOR/Adobe Premiere Pro Auto-Save/VIC-2022-01-08_07-37-27.prproj,prproj,14527
,VICTOR/Adobe Premiere Pro Auto-Save/VIC.prproj,prproj,14527
,VICTOR/GMT20220107-210929_Recording.m4a,m4a,98582378
,VICTOR/GMT20220107-210929_Recording_2018x1130.mp4,mp4,759448337
,VICTOR/GMT20220107-210929_Recording_gallery_2018x1130.mp4,mp4,539218260
,VICTOR/Interview Cuts.prproj,prproj,6330
,VICTOR/VIC.prproj,prproj,14527
,VICTOR/techspressionist_artist_interview_victor_acevedo.mp4,mp4,2026585406
,VICTOR/victor_avevedo_WP.jpg,jpg,145949
,VICTOR/victor_avevedo_WP.psd,psd,9917980
,VICTOR/victor_avevedo_YT.jpg,jpg,270783
,VICTOR/victor_avevedo_YT.psd,psd,28032267
,interview_02_spalter.jpg,jpg,437332
,interviews.psd,psd,26241615
