id,type,number,title,date_recorded,date_published,youtube_video_id,youtube_url,techspressionism_page,duration_seconds,transcript_source
salon-008,salon,8,"Pons, Sun, Andrew, Pointer, Boyd-Wilson, LaFleur",2021-01-05,2021-01-06,lxunnn1tM5M,https://www.youtube.com/watch?v=lxunnn1tM5M,https://techspressionism.com/video/salon/salon-8/,7258,whisper-large-v3
salon-009,salon,9,"Dimon, Kralikova, Lichty, Kell, Moses",2021-01-19,2021-01-19,wyAHD-HTAfM,https://www.youtube.com/watch?v=wyAHD-HTAfM,https://techspressionism.com/video/salon/salon-9/,6785,whisper-large-v3
salon-010,salon,10,"Spalter, Gerbarg, Karver, Gellis, Bradley",2021-02-02,2021-02-04,2stJTcEAhGY,https://www.youtube.com/watch?v=2stJTcEAhGY,https://techspressionism.com/video/salon/salon-10/,7196,whisper-large-v3
salon-011,salon,11,"Miller,  Henderson, Woods, Swinburne, Králíková",2021-02-16,2021-02-17,e5dH26wP9gk,https://www.youtube.com/watch?v=e5dH26wP9gk,https://techspressionism.com/video/salon/salon-11/,6884,whisper-large-v3
salon-012,salon,12,"Carter Hodgkin, Michael Rees, Colin Goldberg, Michael Price",2021-03-02,2021-03-03,colPPMiP6gk,https://www.youtube.com/watch?v=colPPMiP6gk,https://techspressionism.com/video/salon/salon-12/,7628,whisper-large-v3
salon-013,salon,13,"Negin Ehtesabian, Diane Marsella, Sue Beyer",2021-03-16,2021-03-16,b4hmMbnUuKE,https://www.youtube.com/watch?v=b4hmMbnUuKE,https://techspressionism.com/video/salon/salon-13/,6990,whisper-large-v3
salon-014,salon,14,"Susan de Troy, Sherry Karver, Deann Stein Hasinoff",2021-03-30,2021-03-31,MZ7JzodmmIA,https://www.youtube.com/watch?v=MZ7JzodmmIA,https://techspressionism.com/video/salon/salon-14/,7072,whisper-large-v3
salon-015,salon,15,"Andrea Bonaceto, Tommy Mintz, Clive Holden",2021-04-13,2021-04-14,rwlq9lFhe18,https://www.youtube.com/watch?v=rwlq9lFhe18,https://techspressionism.com/video/salon/salon-15/,8261,whisper-large-v3
salon-016,salon,16,"Randi Matushevitz, Gary Hopkins, Roz Dimon",2021-04-27,2021-04-28,syXkJWTwCJc,https://www.youtube.com/watch?v=syXkJWTwCJc,https://techspressionism.com/video/salon/salon-16/,7380,whisper-large-v3
salon-017,salon,17,"Michael Pierre Price, Greggory Hill, Michael Pointer",2021-05-11,2021-05-12,UE3rbE3XMf0,https://www.youtube.com/watch?v=UE3rbE3XMf0,https://techspressionism.com/video/salon/salon-17/,7033,whisper-large-v3
salon-018,salon,18,Paul D. Miller aka DJ Spooky that Subliminal Kid & Uli Ap,2021-05-25,2021-05-25,wvwrqw0MRfI,https://www.youtube.com/watch?v=wvwrqw0MRfI,https://techspressionism.com/video/salon/salon-18/,6905,whisper-large-v3
salon-019,salon,19,Gregory Little & Lee Musgrave,2021-06-08,2021-06-09,mA3da8lu0iU,https://www.youtube.com/watch?v=mA3da8lu0iU,https://techspressionism.com/video/salon/salon-19/,7059,whisper-large-v3
salon-020,salon,20,Victor Acevedo & Christine Sciulli,2021-06-22,2021-06-23,Hhm4t38sjUA,https://www.youtube.com/watch?v=Hhm4t38sjUA,https://techspressionism.com/video/salon/salon-20/,6696,whisper-large-v3
salon-021,salon,21,Cynthia Beth Rubin & Renata Janiszewska,2021-07-06,2021-07-07,CtSAsaLkmtQ,https://www.youtube.com/watch?v=CtSAsaLkmtQ,https://techspressionism.com/video/salon/salon-21/,6835,whisper-large-v3
salon-022,salon,22,Lorin Roser And Nina Kuo & Emma Anne Johnson,2021-07-20,2021-07-21,sbMbH55efqM,https://www.youtube.com/watch?v=sbMbH55efqM,https://techspressionism.com/video/salon/salon-22/,6968,whisper-large-v3
salon-023,salon,23,Rebecca Tombaugh and Cynthia DiDonato,2021-08-03,2021-08-06,pmau5CDJUiQ,https://www.youtube.com/watch?v=pmau5CDJUiQ,https://techspressionism.com/video/salon/salon-23/,6683,whisper-large-v3
salon-024,salon,24,Malavika Mandal Andrew and Lee Schnaiberg,2021-08-17,2021-08-18,fEWi09zryY0,https://www.youtube.com/watch?v=fEWi09zryY0,https://techspressionism.com/video/salon/salon-24/,6822,whisper-large-v3
salon-025,salon,25,"Lights, Gerbarg, Stein Hasinoff, Bradley, TinTin23x",2021-08-31,2021-09-01,BbLPmZfJVOs,https://www.youtube.com/watch?v=BbLPmZfJVOs,https://techspressionism.com/video/salon/salon-25/,6969,whisper-large-v3
salon-026,salon,26,Collab #2 Exhibition Opening Reception,2021-09-14,2021-09-15,cYU7eKBcCto,https://www.youtube.com/watch?v=cYU7eKBcCto,https://techspressionism.com/video/salon/salon-26/,6501,whisper-large-v3
salon-027,salon,27,"Davonte ""Davo"" Bradley and Holly Gordon",2021-09-28,2021-09-29,QrGxzCL_ScA,https://www.youtube.com/watch?v=QrGxzCL_ScA,https://techspressionism.com/video/salon/salon-27/,6885,whisper-large-v3
salon-028,salon,28,Tommy Mintz and Stephanie Sydney,2021-10-12,2021-10-13,fFUTukSn4gw,https://www.youtube.com/watch?v=fFUTukSn4gw,https://techspressionism.com/video/salon/salon-28/,6984,whisper-large-v3
salon-029,salon,29,Techspressionism 2021 Opening,2021-10-26,2021-10-27,ADjcjvSQViE,https://www.youtube.com/watch?v=ADjcjvSQViE,https://techspressionism.com/video/salon/salon-29/,8240,whisper-large-v3
salon-030,salon,30,Sahar Moussavi & Skywaterr,2021-11-09,2021-11-11,t0JhtlP3olQ,https://www.youtube.com/watch?v=t0JhtlP3olQ,https://techspressionism.com/video/salon/salon-30/,6762,whisper-large-v3
salon-031,salon,31,"Cee Moses, Niftorian & Dubwoman",2021-11-23,2021-11-24,7dDowJIxuJw,https://www.youtube.com/watch?v=7dDowJIxuJw,https://techspressionism.com/video/salon/salon-31/,7259,whisper-large-v3
salon-032,salon,32,"Roz Dimon, LoVid, Moritz Albrecht, Colin Goldberg",2021-12-07,2021-12-08,CbqAI1PKEkY,https://www.youtube.com/watch?v=CbqAI1PKEkY,https://techspressionism.com/video/salon/salon-32/,6493,whisper-large-v3
salon-033,salon,33,"David Bloom, Lindsay Kokoska, Nina Sobell",2021-12-21,2021-12-22,dJbRASddqhg,https://www.youtube.com/watch?v=dJbRASddqhg,https://techspressionism.com/video/salon/salon-33/,7008,whisper-large-v3
salon-034,salon,34,Old-school Open Mic with Robert DuGrenier,2021-12-07,2022-01-05,lUmGsX0p78E,https://www.youtube.com/watch?v=lUmGsX0p78E,https://techspressionism.com/video/salon/salon-34/,6898,whisper-large-v3
salon-035,salon,35,"Lily Kostrzewa, Prïnce Magnølia X St Rivera, Michael Pierre Price",2022-01-18,2022-01-20,b8yrqPIj934,https://www.youtube.com/watch?v=b8yrqPIj934,https://techspressionism.com/video/salon/salon-35/,7396,whisper-large-v3
salon-036,salon,36,Seungjin Lee & Dalton Portella,2022-02-02,2022-02-03,l52RGfTiatE,https://www.youtube.com/watch?v=l52RGfTiatE,https://techspressionism.com/video/salon/salon-36/,5054,whisper-large-v3
salon-037,salon,37,Diana de Avila & Patrick Lichty,2022-02-16,2022-02-17,1hehNivSYTo,https://www.youtube.com/watch?v=1hehNivSYTo,https://techspressionism.com/video/salon/salon-37/,5252,whisper-large-v3
salon-038,salon,38,Steve Miller & Lee Day,2022-03-02,2022-03-03,ufGrnsSaMQo,https://www.youtube.com/watch?v=ufGrnsSaMQo,https://techspressionism.com/video/salon/salon-38/,5402,whisper-large-v3
salon-040,salon,40,COLLAGE : Show & Tell,2022-03-30,2022-03-31,Z-RFTbQ7GF8,https://www.youtube.com/watch?v=Z-RFTbQ7GF8,https://techspressionism.com/video/salon/salon-40/,5627,whisper-large-v3
salon-041,salon,41,CLIMATE : Show & Tell,2022-04-13,2022-04-14,XUBL7L41hjA,https://www.youtube.com/watch?v=XUBL7L41hjA,https://techspressionism.com/video/salon/salon-41/,5154,whisper-large-v3
salon-043,salon,43,FEMME TECH,2022-05-11,2022-05-12,KyBLFghq4N0,https://www.youtube.com/watch?v=KyBLFghq4N0,https://techspressionism.com/video/salon/salon-43/,6295,whisper-large-v3
salon-044,salon,44,East End Tech,2022-05-25,2022-05-26,PecHOYGSnWY,https://www.youtube.com/watch?v=PecHOYGSnWY,https://techspressionism.com/video/salon/salon-44/,5348,whisper-large-v3
salon-045,salon,45,"""...AND BEYOND"" : Show & Tell",2022-06-08,2022-06-10,pxavr84wDJs,https://www.youtube.com/watch?v=pxavr84wDJs,https://techspressionism.com/video/salon/salon-45/,5278,whisper-large-v3
salon-046,salon,46,Weird Media,2022-06-22,2022-06-23,xo2ql3MgJlw,https://www.youtube.com/watch?v=xo2ql3MgJlw,https://techspressionism.com/video/salon/salon-46/,5350,whisper-large-v3
salon-047,salon,47,Materiality,2022-07-06,2022-07-07,ggbxdDYOEz4,https://www.youtube.com/watch?v=ggbxdDYOEz4,https://techspressionism.com/video/salon/salon-47/,5529,whisper-large-v3
salon-048,salon,48,Adaptation,2022-07-20,2022-07-21,WCOXAr5_wdE,https://www.youtube.com/watch?v=WCOXAr5_wdE,https://techspressionism.com/video/salon/salon-48/,5227,whisper-large-v3
salon-049,salon,49,Movement,2022-08-03,2022-08-04,iVP63DGbCGY,https://www.youtube.com/watch?v=iVP63DGbCGY,https://techspressionism.com/video/salon/salon-49/,5908,whisper-large-v3
salon-050,salon,50,Output & Fabrication,2022-08-17,2022-08-19,zj79kXJHdFU,https://www.youtube.com/watch?v=zj79kXJHdFU,https://techspressionism.com/video/salon/salon-50/,5613,whisper-large-v3
salon-051,salon,51,AI Engines: Friend or Foe?,2022-08-31,2022-09-01,xTm1wXYzdCI,https://www.youtube.com/watch?v=xTm1wXYzdCI,https://techspressionism.com/video/salon/salon-51/,5680,whisper-large-v3
salon-052,salon,52,Art and Physics,2022-09-14,2022-09-15,LuFuRGhgnmQ,https://www.youtube.com/watch?v=LuFuRGhgnmQ,https://techspressionism.com/video/salon/salon-52/,5495,whisper-large-v3
salon-053,salon,53,Photography and Media Confluence,2022-09-28,2022-09-29,ACwcZ2XHb9E,https://www.youtube.com/watch?v=ACwcZ2XHb9E,https://techspressionism.com/video/salon/salon-53/,5974,whisper-large-v3
salon-054,salon,54,Open Studios,2022-10-12,2022-10-13,NFt4AfP-aRA,https://www.youtube.com/watch?v=NFt4AfP-aRA,https://techspressionism.com/video/salon/salon-54/,6088,whisper-large-v3
salon-055,salon,55,The NFT Space,2022-10-27,2022-10-27,sfMxOAC97Yo,https://www.youtube.com/watch?v=sfMxOAC97Yo,https://techspressionism.com/video/salon/salon-55/,5419,whisper-large-v3
salon-056,salon,56,Cultural Influences,2022-11-09,2022-11-12,I7-nXjL2koA,https://www.youtube.com/watch?v=I7-nXjL2koA,https://techspressionism.com/video/salon/salon-56/,6331,whisper-large-v3
salon-057,salon,57,Nightmares,2022-11-23,2022-11-25,Q_5yvTBIL5M,https://www.youtube.com/watch?v=Q_5yvTBIL5M,https://techspressionism.com/video/salon/salon-57/,5423,youtube-auto-captions
salon-058,salon,58,Dreams,2022-12-07,2022-12-08,7zhZis1d3po,https://www.youtube.com/watch?v=7zhZis1d3po,https://techspressionism.com/video/salon/salon-58/,6309,whisper-large-v3
salon-059,salon,59,AI: Trends and Issues,2022-12-21,2022-12-22,M3lz4NxC8N4,https://www.youtube.com/watch?v=M3lz4NxC8N4,https://techspressionism.com/video/salon/salon-59/,5873,whisper-large-v3
salon-060,salon,60,Media Platforms,2023-01-04,2023-01-05,Iu25Pv7EqK0,https://www.youtube.com/watch?v=Iu25Pv7EqK0,https://techspressionism.com/video/salon/salon-60/,5917,whisper-large-v3
salon-061,salon,61,Open Studios,2023-01-18,2023-01-19,axa3_RqLoWw,https://www.youtube.com/watch?v=axa3_RqLoWw,https://techspressionism.com/video/salon/salon-61/,5529,whisper-large-v3
salon-062,salon,62,Art Pirates,2023-02-01,2023-02-05,k8Prps3LUKE,https://www.youtube.com/watch?v=k8Prps3LUKE,https://techspressionism.com/video/salon/salon-62/,5572,whisper-large-v3
salon-063,salon,63,Breaking Borders,2023-02-15,2023-02-19,j-nNutQp8wc,https://www.youtube.com/watch?v=j-nNutQp8wc,https://techspressionism.com/video/salon/salon-63/,5420,whisper-large-v3
salon-064,salon,64,Layers,2023-03-01,2023-03-09,hyYpGwwt2G0,https://www.youtube.com/watch?v=hyYpGwwt2G0,https://techspressionism.com/video/salon/salon-64/,5235,whisper-large-v3
salon-065,salon,65,Revolution,2023-03-15,2023-03-16,qBc4IjFobIg,https://www.youtube.com/watch?v=qBc4IjFobIg,https://techspressionism.com/video/salon/salon-65/,5829,whisper-large-v3
salon-066,salon,66,Mediums,2023-03-29,2023-04-07,UBx4LDG--60,https://www.youtube.com/watch?v=UBx4LDG--60,https://techspressionism.com/video/salon/salon-66/,5337,youtube-auto-captions
salon-067,salon,67,Untitled,2023-04-12,2023-04-21,-m_aiHkazGI,https://www.youtube.com/watch?v=-m_aiHkazGI,https://techspressionism.com/video/salon/salon-67/,5646,youtube-auto-captions
salon-068,salon,68,Appropriation,2023-04-26,2023-05-08,vMQWnv70FvA,https://www.youtube.com/watch?v=vMQWnv70FvA,https://techspressionism.com/video/salon/salon-68/,5872,youtube-auto-captions
salon-069,salon,69,Monochrome,2023-05-10,2023-05-16,90wRPqAgA98,https://www.youtube.com/watch?v=90wRPqAgA98,https://techspressionism.com/video/salon/salon-69/,5535,youtube-auto-captions
salon-070,salon,70,Learning Through Making,2023-05-24,2023-06-01,GW0Vig0R8wA,https://www.youtube.com/watch?v=GW0Vig0R8wA,https://techspressionism.com/video/salon/salon-70/,5438,youtube-auto-captions
salon-071,salon,71,Growth,2023-06-07,2023-06-17,rYpn_GAV3I4,https://www.youtube.com/watch?v=rYpn_GAV3I4,https://techspressionism.com/video/salon/salon-71/,5876,youtube-auto-captions
salon-072,salon,72,Environment,2023-07-06,2023-07-25,zsJAhBFVn5s,https://www.youtube.com/watch?v=zsJAhBFVn5s,https://techspressionism.com/video/salon/salon-72/,5581,youtube-auto-captions
salon-073,salon,73,Counterpoint,2023-08-03,2023-08-23,oimOOlyY0BY,https://www.youtube.com/watch?v=oimOOlyY0BY,https://techspressionism.com/video/salon/salon-73/,4507,whisper-large-v3
salon-074,salon,74,Taking Stock: Open Mic,2023-09-07,2023-09-28,IzL0mVtw8do,https://www.youtube.com/watch?v=IzL0mVtw8do,https://techspressionism.com/video/salon/salon-74/,5617,youtube-auto-captions
salon-075,salon,75,Falling Leaves,2023-10-05,2023-10-07,UwkMNkLGZ6Q,https://www.youtube.com/watch?v=UwkMNkLGZ6Q,https://techspressionism.com/video/salon/salon-75/,5500,youtube-auto-captions
salon-076,salon,76,Phreaking,2023-11-02,2023-11-12,ni_Sr6-zBXg,https://www.youtube.com/watch?v=ni_Sr6-zBXg,https://techspressionism.com/video/salon/salon-76/,5661,youtube-auto-captions
salon-077,salon,77,"December 7, 2023",2023-12-07,2023-12-10,e58ctMQ-ccc,https://www.youtube.com/watch?v=e58ctMQ-ccc,https://techspressionism.com/video/salon/salon-77/,10822,zoom-transcript
salon-078,salon,78,"January 4, 2024",2024-01-04,2024-01-20,fEzz3PiADrU,https://www.youtube.com/watch?v=fEzz3PiADrU,https://techspressionism.com/video/salon/salon-78/,5599,zoom-transcript
salon-079,salon,79,: Photography,2024-02-01,2024-02-01,AXCiQqjVHyA,https://www.youtube.com/watch?v=AXCiQqjVHyA,https://techspressionism.com/video/salon/salon-79/,5126,zoom-transcript
salon-080,salon,80,"March 7, 2024",2024-03-07,2024-03-12,EoF3pT-iZSg,https://www.youtube.com/watch?v=EoF3pT-iZSg,https://techspressionism.com/video/salon/salon-80/,5543,zoom-transcript
salon-081,salon,81,"April 4, 2024",2024-04-04,2024-04-04,VfiH4ayJbGE,https://www.youtube.com/watch?v=VfiH4ayJbGE,https://techspressionism.com/video/salon/salon-81/,5305,zoom-transcript
salon-082,salon,82,"April 4, 2024",2024-04-04,2024-05-06,Lc0jSsfTb9A,https://www.youtube.com/watch?v=Lc0jSsfTb9A,https://techspressionism.com/video/salon/salon-82/,5686,zoom-transcript
salon-083,salon,83,Influences,2024-06-06,2024-06-14,ekZHtu7TM9Q,https://www.youtube.com/watch?v=ekZHtu7TM9Q,https://techspressionism.com/video/salon/salon-83/,5397,zoom-transcript
salon-084,salon,84,Independence,2024-07-04,2024-07-07,9uB83V9qp8M,https://www.youtube.com/watch?v=9uB83V9qp8M,https://techspressionism.com/video/salon/salon-84/,5449,zoom-transcript
salon-085,salon,85,Perspective,2024-08-01,2024-08-05,OdbOncqxQ7s,https://www.youtube.com/watch?v=OdbOncqxQ7s,https://techspressionism.com/video/salon/salon-85/,5739,zoom-transcript
salon-086,salon,86,Hello Brooklyn,2024-09-05,2024-09-06,vE2cOCt7b0o,https://www.youtube.com/watch?v=vE2cOCt7b0o,https://techspressionism.com/video/salon/salon-86/,6986,youtube-auto-captions
salon-087,salon,87,Wild and Newfangled Techspressionism,2024-10-03,2024-10-04,RFWaEX_2QPk,https://www.youtube.com/watch?v=RFWaEX_2QPk,https://techspressionism.com/video/salon/salon-87/,7800,zoom-transcript
salon-088,salon,88,Education,2024-11-07,2024-11-15,htDS7UsZjyA,https://www.youtube.com/watch?v=htDS7UsZjyA,https://techspressionism.com/video/salon/salon-88/,5006,zoom-transcript
salon-090,salon,90,Origins Part One,2025-01-02,2025-01-06,o7pyuyo35iU,https://www.youtube.com/watch?v=o7pyuyo35iU,https://techspressionism.com/video/salon/salon-90/,4991,zoom-transcript
salon-091,salon,91,Origins Part Two,2025-02-06,2025-02-11,5RXM-lkRkhI,https://www.youtube.com/watch?v=5RXM-lkRkhI,https://techspressionism.com/video/salon/salon-91/,5088,youtube-auto-captions
salon-092,salon,92,Breaking AI,2025-03-06,2025-03-06,bdzAVjhHPaw,https://www.youtube.com/watch?v=bdzAVjhHPaw,https://techspressionism.com/video/salon/salon-92/,5706,zoom-transcript
salon-093,salon,93,Live From Cape Cod,2025-07-20,2025-04-05,PrrvyUZvD5k,https://www.youtube.com/watch?v=PrrvyUZvD5k,https://techspressionism.com/video/salon/salon-93/,5353,zoom-transcript
salon-094,salon,94,150 Media Stream  Chicago,2025-05-01,2025-05-05,npycONiSa_c,https://www.youtube.com/watch?v=npycONiSa_c,https://techspressionism.com/video/salon/salon-94/,4406,zoom-transcript
salon-095,salon,95,Live from Chelsea,2025-06-05,2025-06-06,LntR7Bo5jmA,https://www.youtube.com/watch?v=LntR7Bo5jmA,https://techspressionism.com/video/salon/salon-95/,4784,zoom-transcript
salon-096,salon,96,Open Studios,2025-07-03,2025-07-07,VaKW4Gnh9eE,https://www.youtube.com/watch?v=VaKW4Gnh9eE,https://techspressionism.com/video/salon/salon-96/,5396,zoom-transcript
salon-097,salon,97,Creative Coding,2025-08-07,2025-08-12,w6dn7xxG6ds,https://www.youtube.com/watch?v=w6dn7xxG6ds,https://techspressionism.com/video/salon/salon-97/,5587,zoom-transcript
salon-098,salon,98,,2025-09-04,2025-09-07,3JOMa_JYp9s,https://www.youtube.com/watch?v=3JOMa_JYp9s,https://techspressionism.com/video/salon/salon-98/,5070,zoom-transcript
salon-099,salon,99,Floating Questions 🎈,2025-10-02,2025-10-06,1cuvfkJw3rs,https://www.youtube.com/watch?v=1cuvfkJw3rs,https://techspressionism.com/video/salon/salon-99/,6302,zoom-transcript
salon-100,salon,100,Hello Uzbekistan,2025-09-25,2025-11-12,XpQRmDG0f5s,https://www.youtube.com/watch?v=XpQRmDG0f5s,https://techspressionism.com/video/salon/salon-100/,5908,zoom-transcript
salon-101,salon,101,Open Mic,2025-12-05,2025-12-05,l9TiCHiOgpQ,https://www.youtube.com/watch?v=l9TiCHiOgpQ,https://techspressionism.com/video/salon/salon-101/,5470,zoom-transcript
salon-102,salon,102,Art-Science Intra-Action,2026-01-08,2026-01-10,VxS9DBtseCE,https://www.youtube.com/watch?v=VxS9DBtseCE,https://techspressionism.com/video/salon/salon-102/,6847,zoom-transcript
salon-103,salon,103,Generative AI,2026-02-05,2026-02-07,QT6X7WrTTmA,https://www.youtube.com/watch?v=QT6X7WrTTmA,https://techspressionism.com/video/salon/salon-103/,5924,zoom-transcript
salon-104,salon,104,"History, Theory, Connectivity",2026-03-05,2026-03-05,7zk9GzgaLvs,https://www.youtube.com/watch?v=7zk9GzgaLvs,https://techspressionism.com/video/salon/salon-104/,5346,zoom-transcript
salon-105,salon,105,Every Woman Biennial,2026-04-02,2026-04-03,P-sfs-tCkgw,https://www.youtube.com/watch?v=P-sfs-tCkgw,https://techspressionism.com/video/salon/salon-105/,6026,zoom-transcript
salon-106,salon,106,France,2026-05-07,2026-05-27,kAXUgOIUjw0,https://www.youtube.com/watch?v=kAXUgOIUjw0,https://techspressionism.com/video/salon/salon-106/,4706,zoom-transcript
salon-107,salon,107,New Artists,2026-06-04,2026-06-09,xm747MwGbiA,https://www.youtube.com/watch?v=xm747MwGbiA,https://techspressionism.com/video/salon/salon-107/,5773,zoom-transcript
salon-108,salon,108,Los Angeles and Beyond,2026-07-16,2026-07-16,RSGBYaBbWgg,https://www.youtube.com/watch?v=RSGBYaBbWgg,https://techspressionism.com/video/salon/salon-108/,5538,zoom-transcript
salon-109,salon,109,Open Mic: August 2026,2026-08-06,2026-08-07,w8IHfgE2veI,https://www.youtube.com/watch?v=w8IHfgE2veI,https://techspressionism.com/video/salon/salon-109/,5965,zoom-transcript
interview-001,interview,1,Colin Goldberg,2021-01-22,2021-01-23,JZFDck9gwH8,https://www.youtube.com/watch?v=JZFDck9gwH8,https://techspressionism.com/video/interview/goldberg/,2545,whisper-large-v3
interview-002,interview,2,Anne Spalter,2021-01-27,2021-01-27,2JTyaVoXMsQ,https://www.youtube.com/watch?v=2JTyaVoXMsQ,https://techspressionism.com/video/interview/spalter/,3305,youtube-auto-captions
interview-003,interview,3,Roz Dimon,2021-02-05,2021-02-06,DJDMQvtiOQU,https://www.youtube.com/watch?v=DJDMQvtiOQU,https://techspressionism.com/video/interview/dimon/,3873,youtube-auto-captions
interview-004,interview,4,Joseph Nechvatal,2000,2021-06-16,Hjej663DEjw,https://www.youtube.com/watch?v=Hjej663DEjw,https://techspressionism.com/video/interview/nechvatal/,863,whisper-large-v3
interview-005,interview,5,Davonte Bradley,2021-02-11,2021-02-12,qE6D2wrr1rU,https://www.youtube.com/watch?v=qE6D2wrr1rU,https://techspressionism.com/video/interview/davo/,5415,youtube-auto-captions
interview-006,interview,6,Patrick Lichty,2021-02-17,2021-02-17,a5h-eBQYrks,https://www.youtube.com/watch?v=a5h-eBQYrks,https://techspressionism.com/video/interview/lichty/,3580,youtube-auto-captions
interview-007,interview,7,Michael Pierre Price,2021-02-24,2021-03-02,XLRoHnYg1dA,https://www.youtube.com/watch?v=XLRoHnYg1dA,https://techspressionism.com/video/interview/price/,5909,youtube-auto-captions
interview-008,interview,8,Steve Miller,2021-03-01,2021-03-01,--L1ziEx3-A,https://www.youtube.com/watch?v=--L1ziEx3-A,https://techspressionism.com/video/interview/miller/,3469,youtube-auto-captions
interview-009,interview,9,Andrea Bonaceto,2021-03-31,2021-03-31,YaKIk32mYWw,https://www.youtube.com/watch?v=YaKIk32mYWw,https://techspressionism.com/video/interview/bonaceto/,2141,youtube-auto-captions
interview-010,interview,10,Brandon Gellis,2021-03-31,2021-03-31,rO6UdqwFKFc,https://www.youtube.com/watch?v=rO6UdqwFKFc,https://techspressionism.com/video/interview/gellis/,4420,youtube-auto-captions
interview-011,interview,11,Michael Rees,2021-04-06,2021-04-15,nGPCwUZj9fs,https://www.youtube.com/watch?v=nGPCwUZj9fs,https://techspressionism.com/video/interview/rees/,4468,youtube-auto-captions
interview-012,interview,12,Gregory Little,2021-04-14,2021-04-25,m6ca8UoF49M,https://www.youtube.com/watch?v=m6ca8UoF49M,https://techspressionism.com/video/interview/little/,2938,youtube-auto-captions
interview-013,interview,13,Cee Moses,2021-04-14,2021-05-02,w6fW5oWbBdk,https://www.youtube.com/watch?v=w6fW5oWbBdk,https://techspressionism.com/video/interview/moses/,4238,youtube-auto-captions
interview-014,interview,14,Carter Hodgkin,2021-05-04,2021-05-11,DEIe5Z44tx0,https://www.youtube.com/watch?v=DEIe5Z44tx0,https://techspressionism.com/video/interview/hodgkin/,2324,youtube-auto-captions
interview-015,interview,15,Darcy Gerbarg,2021-06-01,2021-06-03,aP2x9m5GMak,https://www.youtube.com/watch?v=aP2x9m5GMak,https://techspressionism.com/video/interview/gerbarg/,2991,whisper-large-v3
interview-016,interview,16,Paul D. Miller aka DJ Spooky that Subliminal Kid,2021-06-09,2021-06-09,sqMzJArwmhg,https://www.youtube.com/watch?v=sqMzJArwmhg,https://techspressionism.com/video/interview/djspooky/,2098,youtube-auto-captions
interview-017,interview,17,Tommy Mintz,2021-06-17,2021-06-17,k1kO0JSzqc8,https://www.youtube.com/watch?v=k1kO0JSzqc8,https://techspressionism.com/video/interview/mintz/,3555,youtube-auto-captions
interview-018,interview,18,Randi Matushevitz,2021-06-23,2021-07-06,Jb-J_QTgufM,https://www.youtube.com/watch?v=Jb-J_QTgufM,https://techspressionism.com/video/interview/matushevitz/,3349,youtube-auto-captions
interview-019,interview,19,Malavika Mandal Andrew,2021-09-17,2021-09-20,lXCEgu2Iz5k,https://www.youtube.com/watch?v=lXCEgu2Iz5k,https://techspressionism.com/video/interview/malavika/,4090,youtube-auto-captions
interview-020,interview,20,Renata Janiszewska,2021-10-13,2021-10-13,kfGb9OWyXEM,https://www.youtube.com/watch?v=kfGb9OWyXEM,https://techspressionism.com/video/interview/renata/,3526,youtube-auto-captions
interview-021,interview,21,Victor Acevedo,2022-01-07,2022-01-08,ywYWdI922tI,https://www.youtube.com/watch?v=ywYWdI922tI,https://techspressionism.com/video/interview/acevedo/,5816,youtube-auto-captions
interview-022,interview,22,Karen LaFleur,2022-03-02,2022-03-02,FDFxHrpDvEI,https://www.youtube.com/watch?v=FDFxHrpDvEI,https://techspressionism.com/video/interview/lafleur/,2957,youtube-auto-captions
interview-023,interview,23,Suzanne Anker,2022-02-28,2022-03-28,GReJ-zgJz-o,https://www.youtube.com/watch?v=GReJ-zgJz-o,https://techspressionism.com/video/interview/anker/,2121,youtube-auto-captions
interview-024,interview,24,Frank Gillette,2022-02-28,2022-04-14,RoCFEGxcw4Y,https://www.youtube.com/watch?v=RoCFEGxcw4Y,https://techspressionism.com/video/interview/gillette/,2633,youtube-auto-captions
interview-025,interview,25,Verneda Lights,2023-02-03,2023-03-16,8x8eIkbpHws,https://www.youtube.com/watch?v=8x8eIkbpHws,https://techspressionism.com/video/interview/verneda/,3849,youtube-auto-captions
interview-026,interview,26,Nina Sobell,2023-03,2023-04-22,iQL826mqyFg,https://www.youtube.com/watch?v=iQL826mqyFg,https://techspressionism.com/video/interview/sobell/,3235,youtube-auto-captions
interview-027,interview,27,cari ann shim sham,2024-09-30,2024-09-30,Jj66toeEM0Q,https://www.youtube.com/watch?v=Jj66toeEM0Q,https://techspressionism.com/video/interview/cari-ann-shim-sham/,5021,zoom-transcript
interview-028,interview,28,Sasha Stiles,2025-05-06,2025-05-06,xkfYnuTP2zA,https://www.youtube.com/watch?v=xkfYnuTP2zA,https://techspressionism.com/video/interview/sasha-stiles/,4746,zoom-transcript
interview-029,interview,29,Claudia Hart,2025-12-08,2025-12-12,4kHuGtuLoSY,https://www.youtube.com/watch?v=4kHuGtuLoSY,https://techspressionism.com/video/interview/claudia-hart/,5667,zoom-transcript
roundtable-001,roundtable,1,Curators in Conversation,2022-10-03,2022-10-09,-8Glurhxyms,https://www.youtube.com/watch?v=-8Glurhxyms,https://techspressionism.com/video/roundtable/curators-in-conversation/,3114,youtube-auto-captions
roundtable-002,roundtable,2,Approach,2023-01-23,2023-01-27,S_q30BIvh8c,https://www.youtube.com/watch?v=S_q30BIvh8c,https://techspressionism.com/video/roundtable/approach/,3863,youtube-auto-captions
roundtable-003,roundtable,3,Science & Art: Part One,2024-06-12,2024-06-24,_oxmBXSdyNk,https://www.youtube.com/watch?v=_oxmBXSdyNk,https://techspressionism.com/video/roundtable/roundtable-3/,3420,youtube-auto-captions
roundtable-004,roundtable,4,Science & Art: Part Two,2024-07-10,2024-07-29,4HfJCnIp8XE,https://www.youtube.com/watch?v=4HfJCnIp8XE,https://techspressionism.com/video/roundtable/roundtable-4/,3489,youtube-auto-captions
roundtable-005,roundtable,5,Four Techspressionist Artists,2025-06-27,2025-06-27,BphNOUbReFs,https://www.youtube.com/watch?v=BphNOUbReFs,https://techspressionism.com/video/roundtable/roundtable-5/,3746,zoom-transcript
roundtable-006,roundtable,6,Founders: Five Years Later,2025-09-16,2025-09-23,lVI5UE-AD9E,https://www.youtube.com/watch?v=lVI5UE-AD9E,https://techspressionism.com/video/roundtable/roundtable-6/,4421,zoom-transcript
presentation-001,presentation,1,Digital Painting and Drawing 1,2026-02-12,2026-03-26,z8fZvhQgl80,https://www.youtube.com/watch?v=z8fZvhQgl80,https://techspressionism.com/uzbekistan/media/videos/presentations/,3760,youtube-subtitles
presentation-002,presentation,2,AI as Creative Collaborator,2026-02-26,2026-03-31,GvAkzINQBT8,https://www.youtube.com/watch?v=GvAkzINQBT8,https://techspressionism.com/uzbekistan/media/videos/presentations/,4195,youtube-subtitles
presentation-003,presentation,3,Collaborations Between Artists and Scientists,2026-05-02,2026-05-02,DtGglnJ4mdI,https://www.youtube.com/watch?v=DtGglnJ4mdI,https://techspressionism.com/uzbekistan/media/videos/presentations/,2878,youtube-subtitles
presentation-004,presentation,4,Digital Painting & Drawing 2,2026-05-18,2026-05-18,9u3WpSKe3bM,https://www.youtube.com/watch?v=9u3WpSKe3bM,https://techspressionism.com/uzbekistan/media/videos/presentations/,4138,youtube-subtitles
presentation-005,presentation,5,Moving Images: Sequencing as Visual Expression,2026-07-12,2026-07-12,XgXtLT1I-T4,https://www.youtube.com/watch?v=XgXtLT1I-T4,https://techspressionism.com/uzbekistan/media/videos/presentations/,1682,youtube-subtitles
presentation-006,presentation,6,Digital Photography,2026-05-20,2026-05-20,V3NO6tMIiPU,https://www.youtube.com/watch?v=V3NO6tMIiPU,https://techspressionism.com/uzbekistan/media/videos/presentations/,2986,youtube-auto-captions
presentation-007,presentation,7,How Technology Changes Artist Interactions with Cultural Sources,2026-07-12,2026-07-12,lW17XAepKs4,https://www.youtube.com/watch?v=lW17XAepKs4,https://techspressionism.com/uzbekistan/media/videos/presentations/,1515,youtube-subtitles
presentation-008,presentation,8,Digital Sculpture and World Creation,2026-07-12,2026-07-12,1OgIwvY5_F4,https://www.youtube.com/watch?v=1OgIwvY5_F4,https://techspressionism.com/uzbekistan/media/videos/presentations/,3811,youtube-subtitles
