Top pages,Clicks,Impressions,CTR,Position
https://techspressionism.com/,112,957,11.7%,11.33
https://techspressionism.com/video/interview/sasha-stiles/,18,3256,0.55%,5.71
https://techspressionism.com/salon/,12,585,2.05%,8.36
https://techspressionism.com/artists/,7,924,0.76%,29.52
https://techspressionism.com/video/interview/rees/,7,297,2.36%,9.91
https://techspressionism.com/lacda/,5,160,3.12%,8.16
https://techspressionism.com/video/interview/gillette/,4,1073,0.37%,5.18
https://techspressionism.com/manifesto/,4,405,0.99%,15.04
https://techspressionism.com/uzbekistan/media/videos/presentations/,4,279,1.43%,13.78
https://techspressionism.com/exhibition/southampton/janis-brandenburg-lee/,4,23,17.39%,4
https://techspressionism.com/video/interview/anker/,3,855,0.35%,6.63
https://techspressionism.com/video/salon/salon-107/,3,851,0.35%,8.04
https://techspressionism.com/uzbekistan/,3,775,0.39%,11.33
https://techspressionism.com/exhibitions/,3,446,0.67%,14.13
https://techspressionism.com/video/interview/nechvatal/,3,425,0.71%,7.46
https://techspressionism.com/publications/,3,362,0.83%,49.56
https://techspressionism.com/about-techspressionism/,3,293,1.02%,5.9
https://techspressionism.com/exhibition/southampton/ikatch/,3,25,12%,22.92
https://techspressionism.com/exhibition/southampton/hayede-jamshidi/,3,18,16.67%,10.22
https://techspressionism.com/video/interview/claudia-hart/,2,1324,0.15%,6.81
https://techspressionism.com/video/salon/salon-33/,2,1058,0.19%,6.6
https://techspressionism.com/exhibition/southampton/frank-gillette/,2,888,0.23%,2.37
https://techspressionism.com/tshop/,2,694,0.29%,11.58
https://techspressionism.com/exhibition/southampton/roy-nicholson/,2,530,0.38%,5.11
https://techspressionism.com/video/roundtable/curators-in-conversation/,2,416,0.48%,11.25
https://techspressionism.com/history/,2,350,0.57%,7.33
https://techspressionism.com/exhibition/southampton/colin-goldberg/,2,247,0.81%,8.99
https://techspressionism.com/brooklyn/,2,192,1.04%,11.75
https://techspressionism.com/video/interview/gerbarg/,2,95,2.11%,7.05
https://techspressionism.com/video/interview/malavika/,2,87,2.3%,8.46
https://techspressionism.com/exhibition/southampton/guillermo-arismendi/,2,85,2.35%,8.93
https://techspressionism.com/exhibition/southampton/carol-hunt/,2,77,2.6%,7.91
https://techspressionism.com/wp-content/uploads/2024/08/Techspressionism_Hello_Brooklyn_Catalog.pdf,2,64,3.12%,19.52
https://techspressionism.com/exhibition/southampton/john-zieman/,2,56,3.57%,9.68
https://techspressionism.com/exhibition/southampton/negin-ehtesabian/,2,48,4.17%,6.75
https://techspressionism.com/brooklyn/artists/,2,31,6.45%,22.13
https://techspressionism.com/exhibition/southampton/michael-paulukonis/,2,30,6.67%,13.8
https://techspressionism.com/exhibition/southampton/sahar-moussavi/,2,29,6.9%,18.1
https://techspressionism.com/exhibition/southampton/prince-magnolia-x-st-rivera/,2,20,10%,5.7
https://techspressionism.com/video/interview/lichty/,1,486,0.21%,6.72
https://techspressionism.com/video/salon/salon-22/,1,463,0.22%,7.5
https://techspressionism.com/video/salon/salon-102/,1,440,0.23%,11.6
https://techspressionism.com/essays/a-technology-art-of-expressionism/,1,424,0.24%,6.65
https://techspressionism.com/video/interview/miller/,1,215,0.47%,4.46
https://techspressionism.com/uzbekistan/reel/,1,208,0.48%,13.29
https://techspressionism.com/chicago/artists/,1,188,0.53%,10.69
https://techspressionism.com/exhibition/southampton/elio-ramos-colon/,1,184,0.54%,6.71
https://techspressionism.com/thewrong/,1,176,0.57%,16.76
https://techspressionism.com/video/interview/renata/,1,158,0.63%,7.28
https://techspressionism.com/video/interview/lafleur/,1,149,0.67%,9.9
https://techspressionism.com/loop/,1,124,0.81%,7.6
https://techspressionism.com/exhibition/southampton/cynthia-beth-rubin/,1,123,0.81%,7.51
https://techspressionism.com/exhibition/southampton/felix-rothschild/,1,117,0.85%,7.98
https://techspressionism.com/video/salon/salon-97/,1,116,0.86%,10.68
https://techspressionism.com/essays/dj-spooky-techspressionism/?utm_source=rss&utm_medium=rss&utm_campaign=dj-spooky-techspressionism,1,114,0.88%,9.48
https://techspressionism.com/video/salon/salon-104/,1,106,0.94%,13.92
https://techspressionism.com/newpix/,1,100,1%,5.44
https://techspressionism.com/wp-content/uploads/2025/05/Zoom-desktop-particpant-settings-Russian.pdf,1,89,1.12%,22.07
https://techspressionism.com/exhibition/southampton/christine-sciulli/,1,86,1.16%,8.12
https://techspressionism.com/exhibition/southampton/michael-pierre-price/,1,84,1.19%,6.35
https://techspressionism.com/exhibition/southampton/cynthia-didonato/,1,78,1.28%,9.83
https://techspressionism.com/exhibition/southampton/bernard-bousquet/,1,75,1.33%,16.49
https://techspressionism.com/chicago/,1,66,1.52%,8.35
https://techspressionism.com/video/salon/salon-27/,1,63,1.59%,18.38
https://techspressionism.com/video/interview/little/,1,50,2%,18.1
https://techspressionism.com/exhibition/southampton/lucie-kralikova/,1,47,2.13%,11.53
https://techspressionism.com/exhibition/southampton/victor-acevedo/,1,45,2.22%,14.47
https://techspressionism.com/exhibition/southampton/joseph-nechvatal/,1,38,2.63%,27.79
https://techspressionism.com/exhibition/southampton/mary-boochever/,1,36,2.78%,11.39
https://techspressionism.com/exhibition/southampton/chalda-maloff/,1,32,3.12%,15.22
https://techspressionism.com/uzbekistan/media/videos/,1,32,3.12%,17.41
https://techspressionism.com/exhibition/southampton/dubwoman-aka-giovanna-sun/,1,31,3.23%,4.58
https://techspressionism.com/uzbekistan/media/writings/shirin-tashova/,1,26,3.85%,6.15
https://techspressionism.com/video/roundtable/roundtable-4/,1,25,4%,32.68
https://techspressionism.com/paris/,1,21,4.76%,14.05
https://techspressionism.com/siggraph/,1,21,4.76%,18.76
https://techspressionism.com/uzbekistan/museum/,1,20,5%,6.35
https://techspressionism.com/exhibition/southampton/davonte-bradley/,1,19,5.26%,19.21
https://techspressionism.com/uzbekistan/media/writings/press-release/,1,18,5.56%,4.28
https://techspressionism.com/tshop-2/,1,17,5.88%,16.88
https://techspressionism.com/exhibition/southampton/peter-borges/,1,15,6.67%,15.93
https://techspressionism.com/exhibition/southampton/holly-gordon/,1,15,6.67%,18.33
https://techspressionism.com/exhibition/southampton/frederic-pons/,1,13,7.69%,9.08
https://techspressionism.com/essays/helen-harrison-techspressionism/,1,11,9.09%,7.55
https://techspressionism.com/exhibition/southampton/randi-matushevitz/,1,10,10%,21.8
https://techspressionism.com/southampton/catalog/,1,10,10%,27.2
https://techspressionism.com/video/salon/salon-43/,1,8,12.5%,29.62
https://techspressionism.com/wp-content/uploads/2025/03/2022_EH_STAR_Expressive-Technology-in-Southampton.pdf,1,7,14.29%,28
https://techspressionism.com/video/interview/djspooky/,0,1244,0%,7.73
https://techspressionism.com/video/interview/spalter/,0,957,0%,6.94
https://techspressionism.com/exhibition/southampton/moonth/,0,685,0%,4
https://techspressionism.com/video/salon/salon-105/,0,520,0%,9.06
https://techspressionism.com/chelsea/,0,506,0%,16.22
https://techspressionism.com/video/salon/salon-91/,0,440,0%,10.2
https://techspressionism.com/exhibition/southampton/clive-holden/,0,370,0%,4.71
https://techspressionism.com/exhibition/southampton/michael-borras-aka-systaime/,0,361,0%,5.4
https://techspressionism.com/essays/nft-now-essay/,0,348,0%,15.51
https://techspressionism.com/video/salon/salon-92/,0,343,0%,14.01
https://techspressionism.com/wp-content/uploads/2022/06/Techspressionism_Digital_and_Beyond_First_Edition_eBook.pdf,0,311,0%,20.83
https://techspressionism.com/press/,0,304,0%,17.74
https://techspressionism.com/video/salon/salon-100/,0,283,0%,14.58
https://techspressionism.com/exhibition/southampton/steve-miller/,0,246,0%,6.45
https://techspressionism.com/exhibition/southampton/michael-rees/,0,216,0%,8.24
https://techspressionism.com/video/salon/salon-101/,0,215,0%,9.33
https://techspressionism.com/video/salon/salon-95/,0,212,0%,12.79
https://techspressionism.com/video/interview/acevedo/,0,203,0%,9.09
https://techspressionism.com/video/salon/salon-20/,0,145,0%,12.43
https://techspressionism.com/video/salon/salon-82/,0,129,0%,8.29
https://techspressionism.com/uzbekistan/artists/,0,119,0%,11.27
https://techspressionism.com/video/interview/goldberg/,0,110,0%,9.42
https://techspressionism.com/exhibition/southampton/roz-dimon/,0,105,0%,9.59
https://techspressionism.com/exhibition/southampton/stephanie-sydney/,0,92,0%,8.34
https://techspressionism.com/video/interview/mintz/,0,90,0%,13.11
https://techspressionism.com/video/salon/salon-87/,0,89,0%,12.8
https://techspressionism.com/exhibition/southampton/suzanne-anker/,0,85,0%,24.38
https://techspressionism.com/uzbekistan/salon/,0,82,0%,25.43
https://techspressionism.com/exhibition/southampton/renata-janiszewska/,0,76,0%,15.25
https://techspressionism.com/interviews/,0,76,0%,23.3
https://techspressionism.com/essays/joseph-nechvatal-techspressionism/,0,75,0%,9.59
https://techspressionism.com/exhibition/southampton/anne-spalter/,0,75,0%,15.95
https://techspressionism.com/video/salon/salon-106/,0,70,0%,19.39
https://techspressionism.com/join/,0,67,0%,5.42
https://techspressionism.com/video/interview/sobell/,0,65,0%,13.75
https://techspressionism.com/wp-content/uploads/2025/05/iPhone-iPad_translati-ons-русский-язык.pdf,0,65,0%,15.95
https://techspressionism.com/exhibition/southampton/tikoi-kuitenbrouwer/,0,64,0%,11.08
https://techspressionism.com/video/salon/salon-109/,0,64,0%,11.84
https://techspressionism.com/video/interview/dimon/,0,63,0%,12.1
https://techspressionism.com/video/roundtable/roundtable-3/,0,59,0%,28.02
https://techspressionism.com/video/interview/price/,0,54,0%,12.39
https://techspressionism.com/exhibition/southampton/tommy-mintz/,0,51,0%,7.8
https://techspressionism.com/video/interview/verneda/,0,51,0%,14.86
https://techspressionism.com/video/roundtable/roundtable-5/,0,51,0%,26.73
https://techspressionism.com/wp-content/uploads/2025/09/2_Prompt-magazine-issue-15-1.pdf,0,50,0%,22.18
https://techspressionism.com/video/interview/bonaceto/,0,48,0%,13.5
https://techspressionism.com/nodes/,0,47,0%,10.87
https://techspressionism.com/exhibition/southampton/adelfino-corino/,0,43,0%,7.33
https://techspressionism.com/exhibition/southampton/dana-jones/,0,42,0%,9.98
https://techspressionism.com/exhibition/southampton/darcy-gerbarg/,0,41,0%,9.15
https://techspressionism.com/exhibition/southampton/malavika-mandal-andrew/,0,40,0%,7.42
https://techspressionism.com/exhibition/southampton/karen-lafleur/,0,40,0%,8.6
https://techspressionism.com/exhibition/southampton/patrick-lichty/,0,40,0%,14.6
https://techspressionism.com/video/salon/salon-24/,0,40,0%,17.05
https://techspressionism.com/mariniana/,0,39,0%,5.85
https://techspressionism.com/video/salon/salon-89/,0,39,0%,14.85
https://techspressionism.com/video/roundtable/approach/,0,39,0%,18.31
https://techspressionism.com/video/salon/salon-99/,0,38,0%,10
https://techspressionism.com/exhibition/southampton/mary-ann-strandell/,0,38,0%,10.29
https://techspressionism.com/exhibition/southampton/sue-beyer/,0,37,0%,15.11
https://techspressionism.com/video/interview/hodgkin/,0,37,0%,20.65
https://techspressionism.com/exhibition/southampton/susan-huang/,0,36,0%,12.06
https://techspressionism.com/brooklyn/media/artist-talk-acevedo-shapiro/,0,35,0%,6.54
https://techspressionism.com/author/everbeta/,0,35,0%,11.91
https://techspressionism.com/exhibition/southampton/seungjin-lee/,0,33,0%,6.82
https://techspressionism.com/exhibition/southampton/le-chat-noir/,0,33,0%,13.52
https://techspressionism.com/video/interview/davo/,0,33,0%,19.82
https://techspressionism.com/wp-content/uploads/2025/03/If-Picasso-had-a-Macbook-Pro-_-WIRED.pdf,0,33,0%,22.21
https://techspressionism.com/exhibition/southampton/lovid/,0,32,0%,30.44
https://techspressionism.com/collab-2/moses-x-price/,0,31,0%,15.61
https://techspressionism.com/exhibition/southampton/alessio-sanna/,0,30,0%,10.6
https://techspressionism.com/video/salon/salon-110/,0,29,0%,7.86
https://techspressionism.com/exhibition/collaborative-art-space/,0,29,0%,12.48
https://techspressionism.com/collab/goldberg-x-lichty/,0,29,0%,15.66
https://techspressionism.com/video/interview/gellis/,0,29,0%,23.66
https://techspressionism.com/exhibition/southampton/jan-swinburne/,0,29,0%,24.03
https://techspressionism.com/cyberiana/about/,0,28,0%,11.25
https://techspressionism.com/video/salon/salon-29/,0,28,0%,14.25
https://techspressionism.com/exhibition/southampton/scarletmotiff/,0,28,0%,21.18
https://techspressionism.com/exhibition/southampton/gregory-little/,0,28,0%,28.79
https://techspressionism.com/collab-2/pointer-x-ramonde/,0,25,0%,6.32
https://techspressionism.com/wp-content/uploads/2025/03/ARTSCOPE-Article_JanFeb25_Techpressionists_Roscoe-ADJ2.pdf,0,25,0%,13.08
https://techspressionism.com/brooklyn/reel/,0,24,0%,15.08
https://techspressionism.com/exhibition/southampton/dalton-portella/,0,24,0%,16.79
https://techspressionism.com/exhibition/southampton/verneda-lights/,0,23,0%,8.26
https://techspressionism.com/b/,0,23,0%,9.26
https://techspressionism.com/brooklyn/events/,0,23,0%,15.39
https://techspressionism.com/exhibition/techspressionism-2021/,0,23,0%,28.39
https://techspressionism.com/essays/suzanne-anker-techspressionism/,0,22,0%,13.82
https://techspressionism.com/exhibition/southampton/brandon-gellis/,0,21,0%,16.05
https://techspressionism.com/exhibition/southampton/n3t4/,0,21,0%,19.05
https://techspressionism.com/exhibition/southampton/lee-schnaiberg/,0,20,0%,9.65
https://techspressionism.com/wp-content/uploads/2025/03/2011_techspressionism_4_north_main_catalog_compressed.pdf,0,20,0%,17.95
https://techspressionism.com/video/salon/salon-32/,0,20,0%,22
https://techspressionism.com/exhibition/southampton/ply300/,0,20,0%,25.6
https://techspressionism.com/exhibition/southampton/diane-marsella/,0,19,0%,5.79
https://techspressionism.com/essays/sciulli/,0,19,0%,18.21
https://techspressionism.com/video/salon/salon-37/,0,19,0%,26.37
https://techspressionism.com/video/salon/salon-26/,0,19,0%,43.05
https://techspressionism.com/exhibition/southampton/deann-stein-hasinoff/,0,18,0%,5.17
https://techspressionism.com/exhibition/southampton/diana-de-avila/,0,18,0%,13.56
https://techspressionism.com/exhibition/southampton/nesrin-soylemez/,0,18,0%,14.56
https://techspressionism.com/video/salon/salon-30/,0,18,0%,23.89
https://techspressionism.com/exhibition/southampton/tor-burwell/,0,17,0%,4.76
https://techspressionism.com/exhibition/southampton/lee-musgrave/,0,17,0%,5.29
https://techspressionism.com/exhibition/southampton/philippe-ormieres/,0,17,0%,9.35
https://techspressionism.com/video/salon/salon-85/,0,17,0%,10.94
https://techspressionism.com/exhibition/southampton/sherry-karver/,0,17,0%,21.76
https://techspressionism.com/wp-content/uploads/2025/03/2022_aaq_AAQ-Portfolio-Southampton-Arts-Center_compressed.pdf,0,17,0%,23.24
https://techspressionism.com/video/salon/salon-58/,0,17,0%,27.88
https://techspressionism.com/chelsea/reel/,0,16,0%,16.75
https://techspressionism.com/essays/frank-gillette-techspressionism/,0,16,0%,17.5
https://techspressionism.com/video/salon/salon-8/,0,16,0%,25.69
https://techspressionism.com/video/salon/salon-19/,0,16,0%,27.38
https://techspressionism.com/exhibition/southampton/nina-sobell/,0,16,0%,37.75
https://techspressionism.com/betahome-novid/,0,15,0%,7.6
https://techspressionism.com/video/salon/salon-28/,0,15,0%,8.27
https://techspressionism.com/collab-2/ehtesabian-x-gellis/,0,15,0%,9.4
https://techspressionism.com/video/salon/salon-70/,0,15,0%,12.87
https://techspressionism.com/cyberiana/,0,15,0%,18.73
https://techspressionism.com/exhibition/southampton/paul-d-miller/,0,15,0%,35.87
https://techspressionism.com/exhibition/southampton/tomaz-favilla/,0,14,0%,6.93
https://techspressionism.com/exhibitions-2/,0,14,0%,8.93
https://techspressionism.com/exhibition/southampton/mark-pechlivanos/,0,14,0%,16.64
https://techspressionism.com/wp-content/uploads/2025/03/2022_James_Lane_Post_Colin-Goldberg-Curator-Of-Techspressionism.pdf,0,14,0%,25.36
https://techspressionism.com/exhibition/nft-now/,0,14,0%,38
https://techspressionism.com/wp-content/uploads/2022/08/ArtTour-Howard-Harris-Summer2022.pdf,0,13,0%,9.69
https://techspressionism.com/roundtable/,0,13,0%,17.38
https://techspressionism.com/exhibition/southampton/nina-yankowitz/,0,13,0%,23.62
https://techspressionism.com/exhibition/southampton/scojo/,0,13,0%,32.46
https://techspressionism.com/homepage-reel-credits-vertical-reel/,0,12,0%,4.5
https://techspressionism.com/exhibition/southampton/oz-van-rosen/,0,12,0%,7.42
https://techspressionism.com/video/salon/salon-69/,0,12,0%,14
https://techspressionism.com/video/salon/salon-44/,0,12,0%,18.33
https://techspressionism.com/exhibition/southampton/andy-thomas/,0,12,0%,32.92
https://techspressionism.com/exhibition/collaborative-art-space-exhibition-online-offline/,0,11,0%,6.09
https://techspressionism.com/video/salon/salon-103/,0,11,0%,6.36
https://techspressionism.com/exhibition/southampton/sarah-song-and-andy-wauman/,0,11,0%,10.55
https://techspressionism.com/exhibition/southampton/skywaterr/,0,11,0%,25.18
https://techspressionism.com/collab-2/gerbarg-x-pointer/,0,10,0%,5.6
https://techspressionism.com/video/interview/matushevitz/,0,10,0%,11.4
https://techspressionism.com/homepage-reel-credits-horizontal-reel/,0,10,0%,11.7
https://techspressionism.com/exhibition/southampton/lee-day/,0,10,0%,17.3
https://techspressionism.com/wp-content/uploads/2025/03/2014_EH_Star_2014_Goldberg_Techspressionist.pdf,0,10,0%,22.2
https://techspressionism.com/video/salon/salon-55/,0,10,0%,23.3
https://techspressionism.com/exhibition/southampton/meltdownlove/,0,10,0%,29.2
https://techspressionism.com/exhibition/southampton/carter-hodgkin/,0,10,0%,30.4
https://techspressionism.com/exhibition/southampton/dan-welden/,0,10,0%,61.5
https://techspressionism.com/essays/spalter-digital-and-beyond/,0,9,0%,5.89
https://techspressionism.com/brooklyn/media/video/,0,9,0%,6.11
https://techspressionism.com/exhibition/southampton/francene-levinson/,0,9,0%,7.78
https://techspressionism.com/brooklyn/ar/,0,9,0%,11
https://techspressionism.com/wp-content/uploads/2024/10/Student-responses-to-Techpressionism-2024_anonymized.pdf,0,9,0%,29.33
https://techspressionism.com/video/salon/salon-64/,0,9,0%,33.44
https://techspressionism.com/video/salon/salon-36/,0,8,0%,17.75
https://techspressionism.com/video/salon/salon-94/,0,8,0%,24
https://techspressionism.com/essays/helen-harrison-techspressionism-2011/,0,7,0%,5.43
https://techspressionism.com/wp-content/uploads/2025/09/2_Prompt-magazine-issue-15.pdf,0,7,0%,9.86
https://techspressionism.com/uzbekistan/press/,0,7,0%,24.71
https://techspressionism.com/paris/paris-drive/,0,7,0%,34.14
https://techspressionism.com/exhibition/brooklyn-2021/,0,7,0%,42.14
https://techspressionism.com/online-events/art-in-focus/,0,6,0%,6.83
https://techspressionism.com/exhibition/southampton/reel/,0,6,0%,21.33
https://techspressionism.com/wp-content/uploads/2025/03/OZ_Van_Rosen_Beyond_Photography_September-2020-1.pdf,0,6,0%,23.67
https://techspressionism.com/exhibition/southampton/tintin23x/,0,6,0%,72.5
https://techspressionism.com/wp-content/uploads/2023/02/qr-code.pdf,0,5,0%,14.6
https://techspressionism.com/wp-content/uploads/2025/03/2021_artnet_Editors-Picks.pdf,0,5,0%,53.2
https://techspressionism.com/chelsea/artists/,0,4,0%,2
https://techspressionism.com/brooklyn/media/zaza/,0,4,0%,4.5
https://techspressionism.com/video/salon/salon-13/,0,4,0%,11.5
https://techspressionism.com/captions/,0,4,0%,14.25
https://techspressionism.com/video/salon/salon-16/,0,4,0%,25.5
https://techspressionism.com/video/salon/salon-59/,0,4,0%,27.25
https://techspressionism.com/wp-content/uploads/2021/12/SIGGRAPH_SPARKS.pdf,0,4,0%,32.75
https://techspressionism.com/collab-2/andrew-x-henderson/,0,4,0%,33
https://techspressionism.com/video/salon/salon-50/,0,4,0%,43
https://techspressionism.com/exhibition/collaborative-art-space-exhibition-not-yet-decided/,0,3,0%,5.67
https://techspressionism.com/wp-content/uploads/2025/03/2019_dans_papers_Zen-The-Art-Of-Women.pdf,0,3,0%,6.33
https://techspressionism.com/video/salon/salon-78/,0,3,0%,7.33
https://techspressionism.com/video/salon/salon-81/,0,3,0%,7.33
https://techspressionism.com/uzbekistan/media/writings/cynthia-beth-rubin/,0,3,0%,7.67
https://techspressionism.com/video/salon/salon-93/,0,3,0%,8
https://techspressionism.com/video/salon/salon-88/,0,3,0%,11
https://techspressionism.com/wp-content/uploads/2025/03/2017_Northforker_‘Hybrid-exhibit-at-Alex-Ferrone-Gallery-combines-technology-with-tradition.pdf,0,3,0%,11.33
https://techspressionism.com/uzbekistan/media/photos/opening/,0,3,0%,54
https://techspressionism.com/exhibition/southampton/sean-mick/,0,3,0%,83.67
https://techspressionism.com/video/salon/salon-18/,0,2,0%,2
https://techspressionism.com/video/salon/salon-10/,0,2,0%,3
https://techspressionism.com/brooklyn/media/,0,2,0%,4.5
https://techspressionism.com/video/salon/salon-17/,0,2,0%,8
https://techspressionism.com/southampton/press/,0,2,0%,17.5
https://techspressionism.com/uzbekistan/catalog/,0,2,0%,18
https://techspressionism.com/wp-content/uploads/2025/03/2021_lenscratch_Digital-Mediations-1.pdf,0,1,0%,1
https://techspressionism.com/wp-content/uploads/2025/03/HAH_ernst_review_techspressionism_2014.pdf,0,1,0%,2
https://techspressionism.com/video/salon/salon-15/,0,1,0%,5
https://techspressionism.com/video/interview/moses/,0,1,0%,6
https://techspressionism.com/collab-2/marsella-x-pons/,0,1,0%,9
https://techspressionism.com/video/salon/salon-84/,0,1,0%,9
https://techspressionism.com/collab-1/,0,1,0%,30
https://techspressionism.com/wp-content/uploads/2025/03/2021_hamptons.com_Colin-Goldberg-Captures-The-World-with-Techspressionism.pdf,0,1,0%,43