Top queries,Clicks,Impressions,CTR,Position
techspressionism,78,133,58.65%,1.61
sasha stiles,12,1115,1.08%,2.31
frank gillette,3,504,0.6%,1.9
techspressionist,3,14,21.43%,1
tshop,2,355,0.56%,9.8
helen harrison,2,112,1.79%,4.93
ikatch,2,13,15.38%,8.38
claudia hart,1,472,0.21%,2.58
suzanne anker,1,360,0.28%,4.95
joseph nechvatal,1,150,0.67%,6.59
roy nicholson artist,1,129,0.78%,1.83
michael rees artist,1,60,1.67%,3.22
karen lafleur,1,60,1.67%,6.15
guillermo arismendi,1,44,2.27%,6.93
sasha stiles moma,1,40,2.5%,3.05
bernard bousquet,1,22,4.55%,11.77
lucie kralikova,1,14,7.14%,7.71
hello-uz.com,1,5,20%,6.8
tech manifesto,1,3,33.33%,30.33
artist loops,1,2,50%,3.5
please do,1,1,100%,1
annette weintraub,1,1,100%,42
moonth,0,657,0%,3.6
"""salon 33""",0,447,0%,6.55
roy nicholson,0,278,0%,4.32
roser have,0,251,0%,5.82
"""salon 33"" linkedin",0,244,0%,6.06
"""salon 33"" hair/makeup linkedin",0,187,0%,6.42
systaime,0,174,0%,3.61
elio ramos,0,134,0%,6.6
victor acevedo,0,132,0%,7.33
moma poet-in-residence 2018,0,121,0%,7.43
sasha styles,0,119,0%,4.71
patrick lichty,0,106,0%,1.24
dj spooky,0,106,0%,12.76
frank michael gillette,0,101,0%,6.39
"""salon 33"" hair/makeup",0,87,0%,5.69
colin goldberg,0,84,0%,1.92
spalter,0,84,0%,5.51
site:techspressionism.com,0,83,0%,39.92
clive holden,0,75,0%,1.49
nftnow.com,0,74,0%,26.55
steve miller artist,0,73,0%,1.14
anne spalter,0,73,0%,3.41
frank gelette,0,72,0%,2.38
steven miller artist,0,68,0%,2.22
nechvatal,0,60,0%,2.78
systaime meaning,0,57,0%,3.61
digital expressionism,0,57,0%,4.37
roz dimon,0,56,0%,3.86
felix rothschild,0,56,0%,5.88
nina kuo,0,53,0%,1.51
janet s grzegorczyk,0,50,0%,88.38
claudia hart artist,0,49,0%,3.02
frank gilette,0,46,0%,1.39
christine sciulli,0,46,0%,7.83
moma poet in residence 2018,0,45,0%,6.96
renata janiszewska,0,44,0%,2
stephanie sydney,0,44,0%,5.34
steve miller art,0,39,0%,6.31
frank michael gelette,0,37,0%,6.81
salon95,0,36,0%,9.5
sasha stiles artist,0,35,0%,5.77
digital art expressionism,0,34,0%,6.91
lorin roser,0,30,0%,1.9
loops art,0,30,0%,7.37
assouline uzbekistan living treasures celebration of craftsmanship,0,30,0%,21.93
heather hart,0,28,0%,73.64
ann arbor tech offices: biophilic and data-inspired art,0,28,0%,89.36
loop art,0,26,0%,7.35
"""sasha""",0,26,0%,8.65
hello uzbekistan,0,25,0%,9.52
hello chelsea,0,24,0%,7.58
salon 95 nyc,0,23,0%,7.09
moses price,0,23,0%,17.09
tikoi,0,22,0%,4.09
ethical adult tech manifesto,0,22,0%,32.23
sss.tikoi,0,21,0%,9.76
helen a harrison,0,20,0%,9.55
susan anker,0,19,0%,8.05
christiane paul curator,0,18,0%,15.94
mary boochever,0,17,0%,6.59
hudson guild gallery,0,17,0%,15.59
t shop,0,17,0%,29.76
paul d miller dj spooky,0,16,0%,9.06
article turquoise chat noir,0,16,0%,18.56
"artist interview ""march 1, 2021"" painter",0,15,0%,1.8
"""february 2, 2021"" interview artist",0,15,0%,4.93
tassneen bashir,0,15,0%,6.73
art uzbekistan,0,15,0%,32.67
alessio sanna,0,14,0%,3.93
"""creative technologist"" artist commission open call interactive media 
digital art 2026",0,14,0%,9.64
abstract expressionism and technology,0,14,0%,22.21
the wrong biennale,0,14,0%,42.14
"innovative artists brooklyn, ny",0,13,0%,9.23
thinkism,0,13,0%,74.23
multilingual lyricism interview humanness artist,0,12,0%,2.42
multilingual lyricism humanness interview artist,0,12,0%,2.92
darcy gerbarg,0,12,0%,3.67
thomas mintz,0,12,0%,6.92
sasha stiles a living poem,0,12,0%,8.42
hello-uz,0,12,0%,8.67
techneurosis,0,12,0%,22.33
lovid,0,12,0%,40.75
"""march 1, 2021"" ""artist interview"" painter",0,11,0%,2
"""march 1, 2021"" ""interview"" artist",0,11,0%,2.18
spooky artist,0,11,0%,3.64
anker bluetooth,0,11,0%,4
john zieman,0,11,0%,6.36
helen a. harrison,0,11,0%,6.64
los angeles center for digital art,0,11,0%,8.27
dj spooky that subliminal kid,0,11,0%,8.55
digital arts magazine blog 2022 archive,0,11,0%,9.45
technology manifesto,0,11,0%,9.45
paul miller dj spooky,0,11,0%,22.64
sasha stiles poet,0,10,0%,8
joseph nechvata,0,10,0%,9.6
salon100,0,10,0%,9.8
uzbek art,0,10,0%,31.5
ian spalter,0,10,0%,59.2
"""march 1, 2021"" interview artist",0,9,0%,1.89
"""clive holden""",0,9,0%,3.56
lee musgrave,0,9,0%,3.67
suzanne anker artist,0,9,0%,6.78
verneda,0,9,0%,9.56
salon69,0,9,0%,10.11
gillette painters,0,9,0%,17.11
"""what’s your create: how technology frees musician eric ventimiglia"" 
""artwork by""",0,8,0%,1.88
http hello uz com,0,8,0%,7.25
digital arts magazine blog archive 2022,0,8,0%,9
salon 92 nyc,0,8,0%,9.75
xpiritualism,0,8,0%,29.62
schoolism interviews,0,8,0%,36
takedown art and power in the digital age,0,8,0%,63.25
"""march 1, 2021"" artist interview painter",0,7,0%,2
"""march 1, 2021"" artist interview",0,7,0%,2.14
"""march 1, 2021"" interview artist painter",0,7,0%,3
spalter digital,0,7,0%,6.14
frank michael gellette,0,7,0%,8.43
sue beyer,0,7,0%,14
christiane paul whitney,0,7,0%,14.71
hayede,0,7,0%,18.14
howard harris techspressionist,0,7,0%,22.29
diana de avila,0,7,0%,23.43
uzbekistan art,0,7,0%,37.71
wrong biennale,0,7,0%,41.43
cosmodernism,0,7,0%,70.71
nina sobell,0,6,0%,1
frank gillete,0,6,0%,2.5
bonaceto,0,6,0%,7
moma poet-in-residence,0,6,0%,7.67
gillette artist,0,6,0%,8.17
t-shop,0,6,0%,20.17
dj spooky rhythm science,0,6,0%,46.83
gillette ny,0,6,0%,58.5
techno primitivism,0,6,0%,59.67
what is systeme,0,5,0%,1
"""march 1, 2021"" ""artist interview""",0,5,0%,1.4
spooky d,0,5,0%,2.4
"""march 1, 2021"" ""interview"" artist painter",0,5,0%,2.8
conrad anker children,0,5,0%,3.8
every woman biennial,0,5,0%,4.8
loop art critique,0,5,0%,6.4
newfangledism,0,5,0%,6.4
ply300,0,5,0%,8
sasha style,0,5,0%,9.2
chalda maloff,0,5,0%,10.2
mariniana,0,5,0%,12.2
susanne anker,0,5,0%,16.2
ts shop,0,5,0%,19.2
nina yankowitz,0,5,0%,21.4
kluneberg painting,0,5,0%,23
djspooky,0,5,0%,26.2
technofetishism,0,5,0%,29
kluneberg,0,5,0%,34.8
techno fetishism,0,5,0%,47.4
dan welden,0,5,0%,59
digital art gallery los angeles,0,4,0%,1
peter borges,0,4,0%,1
hellen harrison,0,4,0%,1.5
hello uz com,0,4,0%,5.25
claudia hart smu,0,4,0%,7.25
"""pollock-krasner house"" latitude longitude",0,4,0%,7.5
salon91,0,4,0%,9
colin golberg,0,4,0%,12
dalton portella,0,4,0%,12.5
manifesto tech,0,4,0%,15.5
wrong side of the art,0,4,0%,18
salon art + design,0,4,0%,18.5
salon70,0,4,0%,22.75
digital reinterpretation of abstract expressionism,0,4,0%,24.25
techstylesart,0,4,0%,27
cynthia rubin,0,4,0%,27.25
uzbekistan artwork,0,4,0%,30.75
technology salon,0,4,0%,32.75
michael rees,0,4,0%,35.5
waveism,0,4,0%,37
you are not a gadget a manifesto,0,4,0%,40.25
pixels &amp; paintings: foundations of computer-assisted connoisseurship,0,4,0%,44.75
hudson guild chelsea,0,4,0%,55.25
gagosian chelsea,0,4,0%,59
technographies,0,4,0%,59.75
tezh modarressi,0,4,0%,70.5
manuel sainsily,0,4,0%,73.75
spectacle #23 pdf,0,4,0%,90.75
"artist interview ""march 1, 2021""",0,3,0%,2
gillette interview,0,3,0%,2
van rosen,0,3,0%,2
tommy mintz,0,3,0%,2.67
tshop.life,0,3,0%,3.33
lorins bather by,0,3,0%,4
expressionism digital art,0,3,0%,4.67
lucie králíková,0,3,0%,4.67
tshop life,0,3,0%,5
moma poet-in-residence ncte 2018,0,3,0%,5.33
artist gillette,0,3,0%,5.67
"[""hypnotic pop fusion artist computer engineer"", ""march 1 2014 concert 
25000 people"", ""interview october 17 2013 five words sound food""]",0,3,0%,6
hello-uz. com,0,3,0%,6.33
"""heidi boisvert"" ""i bought""",0,3,0%,7
gray uzbekistan,0,3,0%,8
artist eclectic style social media dangerous interview november 2019,0,3,0%,9.33
where to find video interviews with emerging artists?,0,3,0%,10
intra art,0,3,0%,10.67
klogoldberg,0,3,0%,12.67
chelsea mehra,0,3,0%,21.33
hogkins web design,0,3,0%,28.67
graphism,0,3,0%,30
christiane paul digital art,0,3,0%,37
sxsha (file or mega or link or grab or cloud or view or watch),0,3,0%,37
skarstedt gallery chelsea,0,3,0%,37.33
daylight objections chelsea,0,3,0%,42
hauser and wirth chelsea,0,3,0%,47
technoromanticism,0,3,0%,58
afrooz partovi,0,3,0%,63.67
los angeles contemporary artist studio visit gallery interview,0,3,0%,65.33
helen mayer harrison,0,3,0%,76
artivism dc,0,2,0%,1
netressioniste,0,2,0%,1
paul miller,0,2,0%,1
"""michael pierre""",0,2,0%,1.5
gillette collage,0,2,0%,2
"interview ""march 1, 2021"" artist",0,2,0%,2
"""how technology frees musician eric ventimiglia"" ""artwork by""",0,2,0%,3
salon26,0,2,0%,3.5
"frontline of the revolt in the industry publication described artist 
frontline of the revolt multilingual lyricism humanness interview",0,2,0%,4
hello hello chelsea,0,2,0%,4
systeme,0,2,0%,4.5
carol hunt artist,0,2,0%,5
salon 95,0,2,0%,5.5
salon xxviii,0,2,0%,5.5
hello uz.com,0,2,0%,6.5
"""heidi boisvert"" bought",0,2,0%,7
"""say what is on my mind"" humanness multilingual lyricism interview artist",0,2,0%,7
sasha stiles art,0,2,0%,7
salon mic,0,2,0%,8
fight club tyler durden subliminal flashes timestamps list exact,0,2,0%,9
artist interview november 2019 social media dangerous eclectic style,0,2,0%,9.5
salon106,0,2,0%,9.5
"""september 22, 2020"" ""artist interview""",0,2,0%,10
salon sahar,0,2,0%,10
sciulli,0,2,0%,10
seungjin lee,0,2,0%,10
renata artist,0,2,0%,11
salon30,0,2,0%,11
technomaterialism,0,2,0%,11
pioneering technological artistry,0,2,0%,12
uzbekistan artist,0,2,0%,12
claudia goldberg,0,2,0%,14
lucy mandal,0,2,0%,14
как включить субтитры в зуме,0,2,0%,14
oceana andries,0,2,0%,15
davonte holly,0,2,0%,16
brooklyn immersionists,0,2,0%,18
cocollaborations hudson,0,2,0%,18
a living poem,0,2,0%,19.5
loop gallery,0,2,0%,21.5
uzbekistan exhibition,0,2,0%,23
techno is art sion,0,2,0%,24
t shop online,0,2,0%,25
uzbekistan artists,0,2,0%,27
colin hart,0,2,0%,28.5
technicongres,0,2,0%,29
dj paul 3d models,0,2,0%,30.5
michael reese artist,0,2,0%,31
michael spalter,0,2,0%,32
rogue space chelsea gallery,0,2,0%,32.5
susan huang,0,2,0%,34.5
techno humanist manifesto,0,2,0%,36.5
tech artista,0,2,0%,37.5
gregory little,0,2,0%,38.5
tshopper,0,2,0%,38.5
"""adios from everywhere""",0,2,0%,39.5
how to say hello in uzbekistan,0,2,0%,42
interviews with artists,0,2,0%,43.5
sue huang,0,2,0%,43.5
tony skeor,0,2,0%,44.5
digital art christiane paul,0,2,0%,47
michael a rees,0,2,0%,47
stephen lichty,0,2,0%,47
sobell,0,2,0%,50
rsvp salon,0,2,0%,53.5
dj spooky rebirth of a nation,0,2,0%,54
the virtual window from alberti to microsoft,0,2,0%,54.5
art as device,0,2,0%,56
techanism,0,2,0%,56
tatev hovhannisyan ux,0,2,0%,57
d j spooky,0,2,0%,59.5
kathryn hart,0,2,0%,59.5
technical artistry,0,2,0%,59.5
rebecca boisvert,0,2,0%,60
technology like art is a soaring exercise of the human imagination,0,2,0%,60
represents an innovative intersection of progaminglounge.com technology,0,2,0%,61
cristiano grim,0,2,0%,64.5
shklovsky art as device,0,2,0%,75
salon multimedia,0,2,0%,77
trey steidle,0,2,0%,79
list of julia stiles movies,0,2,0%,89
"real-time human–machine artistic collaboration generation driven by 
non-explicit usage needs triggered by multimodal behaviors",0,2,0%,99
20th century american artists,0,1,0%,1
lorin stein,0,1,0%,1
new york 1920x1080,0,1,0%,1
pierre price,0,1,0%,1
salon 96,0,1,0%,1
so its not ai,0,1,0%,1
systeme meaning,0,1,0%,1
voir,0,1,0%,1
頼む,0,1,0%,1
"""march 1, 2021"" ""interview"" painter",0,1,0%,2
2026 examples,0,1,0%,2
"african musician interview ""february 24, 2021""",0,1,0%,2
im a austrian painter they rejected me from art school what should i do,0,1,0%,2
"interview ""march 1, 2021"" artist painter",0,1,0%,2
is it clear,0,1,0%,2
piere,0,1,0%,2
sasha stiles ai poetry official,0,1,0%,2
spooky producer,0,1,0%,2
tokio,0,1,0%,2
animationvr twitter,0,1,0%,3
anker a1383 recall power bank,0,1,0%,3
"anker prime 12,000mah power bank",0,1,0%,3
artivism,0,1,0%,3
biografia,0,1,0%,3
hongkong,0,1,0%,3
ijwbaa,0,1,0%,3
lacda.com,0,1,0%,3
quantopia,0,1,0%,3
rtmark,0,1,0%,3
son parcours artistique,0,1,0%,3
stephen miller,0,1,0%,3
steven miller art,0,1,0%,3
stylized graphic,0,1,0%,3
video salon,0,1,0%,3
"""the pollock-krasner foundation"" news",0,1,0%,4
anker maggo 10k slim reviews,0,1,0%,4
programming+salon,0,1,0%,4
salon before and after,0,1,0%,4
anker usb c to ethernet adapter,0,1,0%,5
author email,0,1,0%,5
chelsea lee art tiktok,0,1,0%,5
hello uz,0,1,0%,5
in new york,0,1,0%,5
iranian node,0,1,0%,5
lichty,0,1,0%,5
malavika kannan,0,1,0%,5
salon104,0,1,0%,5
salon50,0,1,0%,5
sherry karver,0,1,0%,5
steve m,0,1,0%,5
adelfino,0,1,0%,6
buffalo ny,0,1,0%,6
evet,0,1,0%,6
goldberg emulator,0,1,0%,6
malavika mohanan born,0,1,0%,6
moma poet-in-residence 2018 conference teaching,0,1,0%,6
moma poet-in-residence 2018 ncte,0,1,0%,6
playform ai,0,1,0%,6
"""heidi boisvert"" ""bought""",0,1,0%,7
"""heidi boisvert"" ""how music works""",0,1,0%,7
"""uganda christian university"" ""new artists"" presenter",0,1,0%,7
heidi boisvert,0,1,0%,7
malavika prasad,0,1,0%,7
tshop.,0,1,0%,7
uzbekistan hello,0,1,0%,7
"""heidi boisvert"" ""bought"" ""david byrne""",0,1,0%,8
"""music show"" ""new artists"" presenter ""uganda christian university""",0,1,0%,8
"""salon: language, voice & desire"" panelists chamber made",0,1,0%,8
"""sasha"" calligrapher",0,1,0%,8
"""september"" ""february"" ""new york"" ""91"" college students",0,1,0%,8
claudia hart onlyfans,0,1,0%,8
elite imaging,0,1,0%,8
meaning?,0,1,0%,8
show some more,0,1,0%,8
"""what’s your create: how technology frees musician eric ventimiglia"" 
""artwork by cat tervo""",0,1,0%,9
andrea bonaceto,0,1,0%,9
"artist described style as eclectic social media dangerous interview 
november 2019",0,1,0%,9
la center for digital art,0,1,0%,9
media art,0,1,0%,9
open mic,0,1,0%,9
otto knows million voices childhood inspired backroom studio interview,0,1,0%,9
oui,0,1,0%,9
"""imagined technological addressee""",0,1,0%,10
"""september 14, 2021"" ""artist interview""",0,1,0%,10
digital arts magazine blog posts 2022 archive,0,1,0%,10
frank gillett,0,1,0%,10
frank popper from technological to virtual art mit press 2007,0,1,0%,10
glitch art definition,0,1,0%,10
multimedia arts definition,0,1,0%,10
salon105,0,1,0%,10
salon89,0,1,0%,10
theverseverse,0,1,0%,10
tshopp,0,1,0%,10
"""how technology frees eric ventimiglia"" ""artwork by""",0,1,0%,11
expressionism art movement characteristics,0,1,0%,11
greggory biggs,0,1,0%,11
living poem,0,1,0%,11
loopsart,0,1,0%,11
moma poet-in-residence 2018 conference,0,1,0%,11
salon pons,0,1,0%,11
danajones,0,1,0%,12
michael borras,0,1,0%,12
salon 107,0,1,0%,12
salon99,0,1,0%,12
textile collage,0,1,0%,12
20,0,1,0%,14
steve miller,0,1,0%,14
anker art,0,1,0%,15
joe goldberg fanart,0,1,0%,15
on-together: virtual co-working,0,1,0%,15
thewrong,0,1,0%,15
aveve wikipedia,0,1,0%,16
frédéric pons,0,1,0%,16
malavika mohanan,0,1,0%,16
salon55,0,1,0%,16
amazon poland,0,1,0%,17
iddo goldberg peaky blinders,0,1,0%,17
suhr and lichty,0,1,0%,17
abbie vickress,0,1,0%,18
mary ann strandell artist,0,1,0%,18
frank gillette new jersey,0,1,0%,20
learnodo newtonic,0,1,0%,20
salon forty one 67,0,1,0%,20
value,0,1,0%,20
andy thomas artist,0,1,0%,22
lichty's auto,0,1,0%,22
digitaler salon,0,1,0%,23
emma boisvert,0,1,0%,23
exhibition,0,1,0%,23
goldberg steamemu saves,0,1,0%,23
dmstfctn interview october 2023 magazine,0,1,0%,24
ronald dumont gellis,0,1,0%,25
rongwrong,0,1,0%,25
441 west 26th street,0,1,0%,26
art in uzbekistan,0,1,0%,26
katherine stiles,0,1,0%,26
saloon network,0,1,0%,26
sean mick,0,1,0%,26
441 w 26th st new york ny 10001,0,1,0%,27
gellis,0,1,0%,27
lichty auto,0,1,0%,27
technisism,0,1,0%,27
goldberg wwe 2k14,0,1,0%,28
techspiration,0,1,0%,28
"""brooklyn"" language exchange meetup events * *",0,1,0%,29
"""manhattan"" language exchange meetup events",0,1,0%,29
interintellect salons,0,1,0%,29
zuckerbrot v gellis who won,0,1,0%,29
intentism,0,1,0%,30
ismet k. berlin,0,1,0%,30
technoprimitivism,0,1,0%,30
tr gregory,0,1,0%,30
x art chelsea,0,1,0%,30
michael rees new canaan,0,1,0%,31
ts shops,0,1,0%,31
daylight analysis chelsea,0,1,0%,33
kristine stiles,0,1,0%,34
kyle gellis,0,1,0%,34
new art salon,0,1,0%,34
andy wauman,0,1,0%,35
salon patrick miller,0,1,0%,35
shion creativity tech dvsn collective,0,1,0%,35
ciberiana,0,1,0%,36
salon 28,0,1,0%,36
how did stiles get possessed by the nogitsune,0,1,0%,37
arian y brad twitter,0,1,0%,38
"christiane paul, digital art",0,1,0%,38
studio 525 chelsea,0,1,0%,38
chelsea rubin,0,1,0%,40
torsewell,0,1,0%,40
gagosian nyc chelsea,0,1,0%,42
tsoq,0,1,0%,42
michael theanne wikipedia,0,1,0%,43
tshop nyc,0,1,0%,43
artist interviews,0,1,0%,46
emmaanne,0,1,0%,46
techsatire,0,1,0%,46
the virtual window: from alberti to microsoft,0,1,0%,46
the wrong object,0,1,0%,46
strayx bizarre magazine interview,0,1,0%,47
the chelsea laboratory 60 second ritual,0,1,0%,47
translated caption zoom,0,1,0%,47
ralph ueltzhoeffer,0,1,0%,48
sandra navarro gillette instagram,0,1,0%,48
colin roberts art,0,1,0%,49
digital art in new haven ct,0,1,0%,49
interintellect,0,1,0%,49
ken goldberg art,0,1,0%,49
michael price artist,0,1,0%,49
angela didonato,0,1,0%,50
head hi brooklyn,0,1,0%,50
rebirth of a nation dj spooky,0,1,0%,50
technological primitivism,0,1,0%,50
massurealism,0,1,0%,51
gallery 107,0,1,0%,52
infrarealist manifesto,0,1,0%,53
rh nicholson,0,1,0%,54
sergey tyapkin,0,1,0%,54
techne chicago,0,1,0%,54
the wrong gallery,0,1,0%,55
digital art by christiane paul,0,1,0%,56
mark oliver wikipedia,0,1,0%,56
how old is joe goldberg in season 1,0,1,0%,57
spooky dj,0,1,0%,57
t-shop booth,0,1,0%,57
techno-primitivism,0,1,0%,57
alter artist,0,1,0%,58
omega stiles,0,1,0%,60
dan welden printmaker,0,1,0%,62
society of the screen,0,1,0%,63
hertzian tales,0,1,0%,64
southampton arts center,0,1,0%,64
techisms,0,1,0%,64
dan welden artist,0,1,0%,65
evan goldberg,0,1,0%,66
reese pelletier,0,1,0%,66
t'shop,0,1,0%,66
technicalism,0,1,0%,68
technoetic arts,0,1,0%,68
kalin serapionov,0,1,0%,69
interviewing,0,1,0%,70
techno romanticism,0,1,0%,70
on creativity tech dvsn collective,0,1,0%,72
andrei kurylovich,0,1,0%,73
don foresta,0,1,0%,73
intellectual salon,0,1,0%,73
into the universe of technical images,0,1,0%,73
helen newton harrison,0,1,0%,74
michael scholten rees,0,1,0%,74
nikita replyanski,0,1,0%,74
annie commons ri,0,1,0%,75
does tcashop.com have a blog,0,1,0%,76
julia stiles wedding dress,0,1,0%,76
unlicensed bootlegging as creative practice,0,1,0%,76
salon intellectual,0,1,0%,77
amos stiles,0,1,0%,78
ism menden,0,1,0%,78
julia stiles brother,0,1,0%,78
morgan stiles net worth,0,1,0%,78
sasha 2012,0,1,0%,78
sashas kitchen menu,0,1,0%,78
helen and newton harrison,0,1,0%,79
julia stiles and sean patrick thomas,0,1,0%,79
sasha's on shaw photos,0,1,0%,79
irene stiles,0,1,0%,80
synchromism,0,1,0%,81
vitaly pushnitsky,0,1,0%,82
immersionism,0,1,0%,86
sasha's altai tomato,0,1,0%,86
sasha bratz doll,0,1,0%,88
julia stiles now 2026,0,1,0%,89
sasha banks and naomi,0,1,0%,89
sophia stiles,0,1,0%,89
ryan stiles,0,1,0%,90
imagine lucie,0,1,0%,91
rachel harrison art,0,1,0%,92
corino.ai,0,1,0%,95
alan dolinsky,0,1,0%,96
phreaking collective,0,1,0%,96
salon 22,0,1,0%,96
julia stiles smile,0,1,0%,97
sasha from bunheads,0,1,0%,97
sasha's,0,1,0%,97
sasha krivtsov,0,1,0%,98
sasha x,0,1,0%,98
sashas clayton,0,1,0%,98
ted stiles preserve,0,1,0%,98
sasha and emily,0,1,0%,99
sasha mamet,0,1,0%,99
tinkerism,0,1,0%,99
hunter stiles,0,1,0%,100
sasha bob,0,1,0%,100
sasha the hedgehog,0,1,0%,100
sasha the wolfdog,0,1,0%,100
felipe shibuya,0,1,0%,109
emma roser,0,1,0%,110